Age,Experience,Income,ZIPCode,Family,CCAvg,Education,Mortgage,SecuritiesAccount,CDAccount,Online,CreditCard,PersonalLoan
39,15,11,94720,1,1,1,0,No,No,No,No,No
37,13,29,92121,4,0.4,2,155,No,No,Yes,No,No
50,24,22,93943,1,0.3,3,0,No,No,No,Yes,No
35,10,81,90089,3,0.6,2,104,No,No,Yes,No,No
34,9,180,93023,1,8.9,3,0,No,No,No,No,Yes
60,30,22,95054,1,1.5,3,0,No,No,Yes,Yes,No
36,11,152,95521,2,3.9,1,159,No,No,No,Yes,No
56,30,48,94539,1,2.2,3,0,No,No,Yes,Yes,No
59,35,35,93106,1,1.2,3,122,No,No,Yes,No,No
53,28,41,94801,2,0.6,3,193,No,No,No,No,No
30,6,18,91330,3,0.9,3,0,No,No,No,No,No
34,9,60,94122,3,2.3,1,0,No,No,No,No,No
57,31,52,94720,4,2.5,1,0,No,No,No,Yes,No
39,14,43,95014,3,0.7,2,153,No,No,Yes,No,No
40,16,49,92373,1,1.8,1,0,No,No,No,Yes,No
61,37,131,94720,1,2.9,1,0,No,No,Yes,No,No
42,17,32,94523,4,0,2,0,No,No,Yes,No,No
59,35,131,91360,1,3.8,1,0,No,No,Yes,Yes,No
62,36,105,95670,2,2.8,1,336,No,No,No,No,No
47,21,60,93407,3,2.1,1,0,No,No,Yes,Yes,No
42,18,115,91335,1,3.5,1,0,No,No,No,Yes,No
44,20,130,92007,1,5,1,0,No,No,No,Yes,No
28,3,135,94611,2,3.3,1,0,No,No,No,Yes,No
31,7,135,94901,4,3.8,2,0,No,Yes,Yes,Yes,Yes
58,32,12,91320,3,0.3,3,0,No,No,No,No,No
46,20,29,92220,3,0.5,2,0,No,No,No,No,No
54,30,133,93305,2,2.6,3,0,No,No,No,No,Yes
41,16,82,92507,1,4,3,0,No,No,Yes,No,No
46,22,18,91730,1,0.9,3,0,No,No,Yes,No,No
48,22,78,94305,3,1.1,1,0,No,No,Yes,No,No
65,41,51,94117,2,1.1,1,0,No,No,Yes,No,No
43,19,34,94305,3,0.6,2,0,No,No,No,No,No
38,12,48,95617,4,0.2,3,0,No,No,Yes,No,No
41,15,80,95014,1,5.2,1,0,No,No,No,No,No
54,28,161,92121,1,2.9,1,0,No,No,Yes,No,No
43,18,22,95670,2,0.3,2,0,No,No,Yes,No,No
56,32,38,93311,4,1.3,1,166,No,No,Yes,Yes,No
41,14,9,91330,3,1,2,0,No,No,No,No,No
62,38,45,94143,4,1.3,2,0,No,No,Yes,No,No
54,29,35,92831,1,1.5,2,0,No,No,Yes,No,No
52,26,38,91711,3,0.9,3,0,No,No,Yes,No,No
58,32,73,94523,2,0.7,2,0,No,No,Yes,Yes,No
60,35,80,91301,3,0.5,1,0,No,No,Yes,No,No
31,5,115,92096,2,1.3,1,101,No,No,Yes,Yes,No
34,8,82,92646,1,2.7,2,251,No,No,Yes,No,No
41,16,70,92131,3,0.5,3,0,No,No,No,Yes,No
58,34,149,93720,4,7.2,2,0,No,Yes,Yes,Yes,Yes
30,4,39,90245,3,1.1,2,0,No,No,Yes,No,No
58,33,45,93010,4,2.1,1,0,No,No,Yes,Yes,No
51,25,31,90245,2,0.4,3,161,No,No,Yes,Yes,No
35,11,58,95831,3,2,1,149,No,No,Yes,Yes,No
33,9,48,91770,1,2.1,3,0,No,No,No,Yes,No
49,23,70,92093,2,1.5,2,0,No,No,No,No,No
59,35,124,90007,1,7.4,1,0,No,No,No,Yes,No
26,0,132,92834,3,6.5,3,0,No,No,No,Yes,Yes
54,29,58,92612,4,1.3,3,0,No,No,No,No,No
26,0,15,92131,4,0.4,1,0,No,No,No,Yes,No
41,17,83,94025,4,2.67,1,0,No,No,Yes,Yes,No
32,6,79,94720,2,1.5,3,0,No,No,Yes,Yes,No
29,0,134,95819,4,6.5,3,0,No,No,No,No,Yes
61,35,80,95053,2,2.8,1,0,No,No,Yes,No,No
38,12,52,90036,1,2,1,0,No,No,No,No,No
25,1,21,95827,3,1,2,0,No,No,No,No,No
33,9,23,94305,3,0.9,3,0,No,No,Yes,Yes,No
50,26,13,91320,4,1,1,0,No,No,Yes,No,No
52,25,44,93111,3,1,2,135,No,No,Yes,No,No
62,37,11,91942,1,0.1,1,0,No,No,Yes,No,No
51,27,38,90401,2,1,3,164,No,No,Yes,No,No
24,0,135,95133,1,1.5,1,0,No,No,Yes,No,No
29,3,148,92173,3,4.1,1,0,No,No,Yes,No,Yes
60,36,93,92521,1,4.3,1,0,No,No,Yes,No,No
48,24,21,93118,4,0.6,1,0,No,No,Yes,Yes,No
53,29,144,92697,2,6.8,1,0,No,No,Yes,No,No
55,31,9,91345,4,0.7,1,89,No,No,Yes,No,No
32,6,29,91355,1,1.9,3,0,No,No,Yes,Yes,No
35,9,20,94609,2,1.4,3,0,No,No,Yes,Yes,No
30,3,68,94306,4,2,2,0,No,No,Yes,No,No
56,31,61,96150,2,1.9,2,105,No,No,No,No,No
34,10,71,94115,4,0.1,2,0,No,No,No,No,No
40,16,73,94110,4,2.67,1,0,No,No,Yes,Yes,No
27,3,125,95521,2,0.6,1,0,No,No,No,No,No
45,19,83,95051,2,1.7,2,0,No,No,Yes,No,No
52,27,58,94305,4,1.8,3,91,No,No,No,No,No
24,-1,39,94085,2,1.7,2,0,No,No,No,No,No
35,10,61,94304,4,2.1,3,0,No,No,Yes,No,No
62,37,58,91320,4,1.7,1,0,No,No,Yes,No,No
38,8,71,94720,4,1.8,3,0,No,No,Yes,No,No
62,38,83,92521,1,1.8,3,0,No,No,Yes,No,No
28,3,52,94112,4,1.7,2,0,No,No,No,No,No
41,17,78,94025,4,0.8,1,78,No,No,Yes,No,No
38,14,60,94025,2,0.6,3,0,No,No,Yes,Yes,No
55,29,99,92121,2,1.4,1,264,No,No,Yes,Yes,No
26,1,55,90089,3,2.6,3,113,No,No,No,Yes,No
54,28,170,92182,2,6.2,2,325,No,No,Yes,No,Yes
65,40,53,91711,3,2.2,1,0,No,No,No,Yes,No
47,21,138,94583,1,0,1,0,No,No,No,No,No
66,40,42,92103,2,0.7,3,138,No,No,No,Yes,No
66,41,18,92691,3,0.5,1,0,No,No,No,Yes,No
42,16,111,93106,2,1.2,3,251,No,No,Yes,No,Yes
27,1,74,92121,4,1.8,2,112,No,No,Yes,Yes,No
45,19,38,90840,2,0.7,1,0,No,No,No,No,No
64,39,129,94002,1,2.5,1,0,No,No,Yes,No,No
60,36,63,94063,4,2.2,1,0,No,No,Yes,No,No
40,14,70,94923,4,1.4,2,0,No,No,Yes,No,No
41,16,65,90095,3,0.5,3,0,No,No,Yes,No,No
29,2,30,92126,4,1,3,0,No,No,No,No,No
39,14,155,94577,2,3.9,1,0,No,No,Yes,No,No
57,31,65,94118,4,2.6,3,0,No,No,No,Yes,No
34,9,71,91711,4,0.7,3,0,No,No,Yes,No,No
44,19,69,92806,3,0.5,3,0,No,No,Yes,No,No
51,25,45,94806,3,0.6,2,131,No,No,Yes,No,No
42,15,24,92121,3,1,2,0,No,No,Yes,Yes,No
51,25,80,92373,1,4.9,1,0,No,No,No,No,No
45,19,93,90095,4,2.6,3,0,No,No,No,No,No
55,29,79,92373,3,0.8,1,0,No,No,Yes,Yes,No
42,18,33,90401,1,1.4,3,0,No,No,Yes,No,No
57,32,39,90277,4,0.9,1,0,No,No,Yes,Yes,No
34,9,41,93720,3,2.3,1,0,No,No,No,Yes,No
52,27,80,95616,1,1.3,3,0,No,Yes,Yes,Yes,No
28,4,191,90064,1,6.33,1,0,No,No,Yes,No,No
54,30,78,92374,4,1,2,0,No,No,Yes,No,No
59,33,42,95630,1,0.8,2,0,No,No,Yes,No,No
63,38,140,92407,1,2.5,1,0,No,No,No,No,No
57,27,68,94117,1,1.4,3,0,No,No,Yes,No,No
43,19,118,91304,2,3.3,1,0,No,No,No,Yes,No
35,5,22,93407,1,0.67,3,103,No,No,No,No,No
54,24,63,92606,3,1.4,3,138,No,No,Yes,Yes,No
44,19,50,90745,3,2.7,2,0,No,No,Yes,No,No
40,15,173,95060,4,6.6,1,0,No,Yes,Yes,Yes,Yes
53,29,55,95818,4,1.1,2,0,No,No,Yes,No,No
44,20,173,90277,2,1.4,1,419,No,No,Yes,No,No
56,30,24,94704,2,0.4,3,88,No,No,No,No,No
38,14,42,94610,1,2,2,81,No,No,Yes,No,No
32,6,32,93106,1,1.9,3,0,No,No,Yes,No,No
25,0,30,92691,2,1.7,2,0,No,No,No,No,No
50,24,35,92717,1,0.3,3,0,No,No,Yes,No,No
32,8,98,95054,2,2,2,175,No,No,Yes,No,No
63,37,30,92054,2,1,3,159,No,No,Yes,No,No
36,12,25,92101,4,1,1,147,No,No,No,No,No
58,34,19,92029,4,0.7,1,0,No,No,No,No,No
49,25,20,90291,4,1,1,111,No,No,Yes,Yes,No
33,7,90,92346,3,1.6,1,0,No,No,Yes,No,No
45,21,61,94304,3,0.7,1,0,No,No,No,No,No
25,0,28,92093,2,1.7,2,0,No,No,No,No,No
55,29,73,95616,2,2.3,3,0,No,No,Yes,Yes,No
60,35,64,94509,2,2.8,1,0,No,No,No,No,No
50,24,29,93023,4,0.1,1,0,No,No,No,No,No
26,2,48,90503,3,0.7,2,0,No,No,Yes,No,No
54,30,23,94608,2,0.4,1,0,No,No,No,No,No
28,3,84,90024,4,0.2,1,0,No,No,Yes,Yes,No
36,10,179,94542,3,6.6,1,0,No,No,Yes,No,Yes
29,2,30,95747,4,1.5,2,112,No,No,No,Yes,No
61,36,60,92866,3,0.5,2,182,No,No,No,No,No
45,19,125,92354,1,2.4,1,0,No,No,No,No,No
64,40,58,93437,1,1.8,3,0,No,No,Yes,No,No
60,36,89,91745,2,2.8,1,0,No,No,Yes,No,No
47,23,110,94111,2,3.3,1,0,No,No,Yes,Yes,No
52,28,41,94309,3,1.9,2,0,No,No,No,Yes,No
40,15,85,94304,2,0.4,1,0,No,No,Yes,No,No
53,29,83,90073,4,1,2,0,No,No,Yes,No,No
47,22,58,93105,4,3.6,3,0,No,No,Yes,Yes,No
42,18,75,92182,3,2.33,1,0,No,No,No,Yes,No
32,7,35,92521,3,1.3,1,116,No,No,No,Yes,No
43,17,91,91311,1,5.7,1,0,No,No,Yes,No,No
30,6,45,95819,1,1.8,2,0,No,No,Yes,No,No
52,26,80,94709,3,0.8,1,0,No,No,No,No,No
61,35,50,92122,3,1.4,3,112,No,No,Yes,No,No
58,32,113,93943,2,3.8,2,119,No,Yes,Yes,Yes,Yes
64,39,59,92626,2,1.5,1,139,No,No,Yes,No,No
64,40,91,93106,2,0,3,0,No,No,Yes,Yes,No
47,23,22,93108,1,1,1,0,No,No,No,Yes,No
51,25,69,95747,1,0.3,1,0,No,No,Yes,Yes,No
28,-2,48,94132,2,1.75,3,89,No,No,Yes,No,No
64,39,42,92068,3,0.5,2,116,No,No,Yes,No,No
48,24,20,95841,1,1,1,0,No,No,Yes,Yes,No
60,36,141,90277,2,2.1,1,0,No,No,Yes,Yes,No
66,42,35,94305,1,1.9,2,172,No,No,Yes,No,No
45,20,39,90232,1,2.4,1,0,No,No,No,Yes,No
34,10,21,92634,1,0.5,3,0,No,No,Yes,No,No
48,23,10,94609,2,0.7,3,0,No,No,Yes,Yes,No
60,34,114,90028,2,6.9,1,0,No,No,Yes,No,No
43,19,152,92008,3,6.1,2,0,No,No,No,No,Yes
64,39,24,95112,4,0.4,2,78,No,No,Yes,No,No
60,36,132,92154,2,6,1,470,No,No,Yes,Yes,No
56,32,173,94022,1,4.6,2,88,No,Yes,Yes,No,Yes
60,34,15,95014,1,0.8,2,0,No,No,Yes,No,No
37,13,43,94122,3,2.8,1,0,No,No,Yes,No,No
60,36,38,94596,4,1.3,1,0,No,No,Yes,No,No
50,24,173,94720,1,1,1,0,No,No,Yes,Yes,No
32,8,43,95023,1,2.1,3,0,No,No,No,Yes,No
50,25,42,93108,3,1.7,2,0,No,No,Yes,No,No
59,33,34,92177,2,0.3,1,0,No,No,No,No,No
50,26,39,90640,3,1.9,2,0,No,No,Yes,No,No
44,19,70,92833,1,0.1,2,0,No,No,No,No,No
36,12,69,94305,3,3.1,2,0,No,No,Yes,No,Yes
51,25,44,94608,3,0.9,3,0,No,No,No,No,No
64,40,32,91380,3,0.1,3,0,No,No,Yes,No,No
47,22,15,95521,2,0.7,3,0,No,No,No,No,No
31,5,82,94143,4,2.2,2,0,No,No,No,No,No
39,14,54,95035,3,3,1,108,No,No,No,Yes,No
30,6,48,94607,1,2.1,3,0,No,No,No,No,No
27,1,74,91730,3,0.3,3,0,No,No,Yes,No,No
53,27,81,90009,3,1.7,2,0,No,No,No,No,No
34,9,48,95616,1,2.5,3,105,No,No,Yes,No,No
61,37,54,90024,4,1.2,2,129,No,No,Yes,Yes,No
48,24,75,92518,4,1.4,2,0,No,No,Yes,No,No
56,31,39,93023,4,0.9,1,0,No,No,No,No,No
24,-1,75,93014,4,0.2,1,0,No,No,Yes,No,No
64,38,79,94024,2,2.8,1,179,No,No,No,No,No
62,37,39,94305,2,2.8,1,113,No,Yes,Yes,Yes,No
27,2,101,92807,1,1.9,1,0,No,No,No,No,No
51,25,132,94143,1,0.3,1,0,No,No,Yes,No,No
44,20,131,90717,1,4.9,3,0,No,No,Yes,No,Yes
31,5,11,94534,1,0.4,2,76,No,No,No,Yes,No
30,6,141,95014,2,4.33,1,0,No,No,No,No,No
40,14,81,94709,3,0.1,1,0,No,No,Yes,No,No
60,34,54,94301,3,0.3,2,0,No,No,Yes,Yes,No
28,3,52,90024,4,2.2,1,230,No,No,Yes,No,No
52,28,101,91330,2,0.3,1,0,No,No,No,No,No
34,8,35,92037,4,0.8,1,137,No,Yes,Yes,Yes,No
43,18,59,93943,1,3.7,3,0,No,No,Yes,No,No
55,29,79,90210,3,0.8,1,0,No,No,Yes,No,No
39,15,128,92333,1,3.4,1,0,No,No,No,No,No
29,5,80,94709,2,2,2,0,No,No,Yes,Yes,No
54,30,93,91107,1,2.7,2,0,No,No,Yes,No,No
25,-1,48,92870,3,0.3,3,0,No,No,No,Yes,No
57,33,88,93524,1,2.7,2,0,No,No,Yes,No,No
28,3,55,94521,4,2.2,1,0,No,No,Yes,Yes,No
24,-1,38,95045,2,1.7,2,0,No,No,Yes,No,No
40,16,114,91604,1,3.4,1,300,No,No,Yes,No,No
34,4,83,92653,4,4,3,0,No,No,Yes,No,No
39,14,101,94305,2,0.4,1,0,No,No,Yes,Yes,No
31,7,128,92821,1,6,1,0,No,No,No,No,No
29,3,39,94612,4,2.1,3,0,No,No,Yes,No,No
48,22,152,94022,1,3.5,3,0,No,No,Yes,No,Yes
56,30,141,94143,2,0.5,1,0,No,No,Yes,No,No
58,32,38,91320,1,1.4,1,0,No,No,Yes,Yes,No
63,38,28,94720,2,0.5,2,89,No,No,Yes,No,No
57,31,41,91330,1,0.2,1,0,No,No,Yes,Yes,No
28,3,170,95014,1,0.1,3,0,No,No,No,No,Yes
37,11,24,91770,4,1.5,3,0,No,No,No,No,No
52,28,81,94132,3,1.8,2,275,No,No,No,No,No
49,23,32,94701,4,1.8,1,83,No,No,No,No,No
40,14,33,94025,2,1.4,3,0,No,No,Yes,Yes,No
41,17,114,91125,2,1.8,2,0,No,No,Yes,No,No
41,17,92,93555,2,1.9,1,131,No,No,Yes,No,No
33,6,54,92821,2,1.67,2,122,No,No,Yes,No,No
52,28,64,95605,2,1,3,211,No,No,Yes,No,No
30,6,42,94305,1,0.2,3,100,No,No,No,Yes,No
45,19,70,92677,3,2.1,1,0,No,No,Yes,No,No
45,18,40,94960,3,1,2,0,No,No,Yes,No,No
60,35,35,90509,3,0.2,1,169,No,No,Yes,No,No
40,16,120,92037,2,6.1,1,196,No,No,Yes,No,No
42,16,35,92054,3,1.5,1,0,No,No,No,No,No
35,10,139,95060,2,7.8,1,0,No,No,No,No,No
50,24,103,94132,1,0.3,1,0,No,No,Yes,No,No
45,21,152,91902,2,1.4,1,0,No,No,Yes,No,No
52,27,33,92121,2,2,2,0,No,No,Yes,No,No
35,9,84,95120,4,2.2,2,322,No,No,No,No,No
28,4,58,92121,3,1.5,1,131,No,No,No,No,No
34,9,92,90005,1,2.8,1,0,No,No,Yes,No,No
38,8,23,95207,1,0.67,3,0,No,No,No,No,No
63,38,52,94720,2,2.8,1,0,No,No,Yes,No,No
65,41,185,93561,3,2,2,0,No,No,No,No,Yes
54,30,64,95126,1,1.8,3,227,No,No,No,Yes,No
34,10,22,95670,1,0.5,3,85,No,No,No,No,No
49,23,59,95827,3,2.1,1,0,No,No,No,No,No
46,21,204,92780,2,2.8,1,0,No,No,Yes,No,No
61,36,51,94706,3,1.5,1,0,No,No,No,Yes,No
40,16,82,91311,1,3.6,2,0,No,No,No,No,No
43,17,164,90266,1,2.4,1,449,No,No,Yes,No,No
24,-1,38,92612,4,0.6,2,0,No,No,Yes,No,No
37,11,84,90089,2,1.8,1,0,No,No,Yes,Yes,No
43,17,59,94085,3,0.9,3,87,No,No,Yes,Yes,No
41,16,10,94123,2,0.3,2,0,No,No,Yes,No,No
29,5,31,96064,4,0.4,2,161,No,No,Yes,Yes,No
59,34,94,93940,3,0.5,1,0,No,No,No,Yes,No
50,24,61,94301,4,2.6,1,0,No,No,Yes,No,No
62,37,18,92037,3,1.3,2,0,No,No,Yes,No,No
45,20,114,94720,2,4.4,2,0,No,No,No,No,Yes
26,1,85,90064,1,1.9,1,0,No,No,Yes,No,No
61,35,152,91016,3,3.3,3,0,No,No,Yes,No,Yes
36,10,80,94596,4,2.2,2,0,No,No,Yes,No,No
61,37,22,94590,1,1.2,3,0,No,No,Yes,No,No
41,17,14,91330,1,1,1,0,No,No,No,No,No
58,34,60,92008,4,1.6,2,0,No,No,No,Yes,No
56,30,45,91103,4,0.7,2,0,No,No,No,Yes,No
48,24,84,92152,3,0.7,1,166,No,No,Yes,No,No
32,6,85,90504,1,2.7,2,100,No,No,Yes,No,No
37,13,89,95051,2,1.7,2,314,No,No,No,Yes,No
47,21,109,95822,4,1.8,1,0,No,No,No,No,Yes
37,12,81,94538,1,2.8,1,0,No,No,No,No,No
43,19,72,90024,2,1.7,1,0,No,No,Yes,No,No
26,2,172,94551,2,6.9,2,0,No,No,Yes,No,Yes
55,29,39,92154,1,0.2,1,0,No,No,No,Yes,No
55,31,12,95060,2,0.2,1,76,No,No,Yes,Yes,No
32,7,42,92634,4,0.8,1,0,No,No,Yes,Yes,No
48,22,98,94115,2,6.3,1,0,No,No,No,No,No
58,34,10,92521,4,0.7,1,0,No,No,No,No,No
55,30,58,92028,4,0.9,1,0,No,No,Yes,Yes,No
55,29,65,94501,4,2.8,2,0,No,No,Yes,No,No
54,29,44,91301,2,2.3,3,0,No,No,Yes,No,No
30,6,82,93657,2,2.5,1,0,No,No,No,No,No
42,17,61,94998,3,0.5,3,0,No,No,Yes,No,No
29,2,38,93063,1,2,2,0,No,No,No,No,No
29,3,39,95051,4,2.1,3,0,No,No,Yes,No,No
47,23,8,92612,4,0.2,1,0,No,No,Yes,No,No
52,27,162,92096,1,8.1,1,0,No,No,Yes,No,No
64,39,64,92068,3,2.2,1,0,No,No,Yes,No,No
32,6,41,92182,2,2,3,0,No,No,No,No,No
63,33,52,94720,4,1.67,3,0,No,No,No,No,No
41,15,38,90291,2,0.7,1,91,No,No,Yes,No,No
51,25,145,90740,1,0.3,1,0,No,No,Yes,No,No
35,9,45,90509,1,2,1,0,No,No,Yes,Yes,No
63,37,45,94542,2,1,3,88,No,No,Yes,Yes,No
29,5,72,92407,3,0.7,2,81,No,No,No,No,No
61,31,49,94066,4,1.67,3,0,No,No,Yes,No,No
36,10,31,90630,4,1.2,2,0,No,No,No,No,No
58,33,142,92691,2,3.9,1,193,No,No,Yes,Yes,No
30,4,24,92096,1,0.4,2,81,No,No,Yes,No,No
27,3,94,92373,2,0.2,1,310,No,No,No,Yes,No
44,17,29,94706,3,1,2,0,No,No,Yes,Yes,No
40,14,73,94539,1,1.5,3,252,No,No,Yes,No,No
46,20,39,95054,1,0.2,1,0,No,No,No,No,No
33,7,29,92064,1,0.6,3,127,No,No,No,Yes,No
27,2,155,95138,1,0.8,1,0,No,No,No,No,No
50,23,15,94025,2,1,2,101,No,No,No,No,No
54,30,70,90095,1,1.6,3,265,No,No,No,No,No
28,2,10,94080,1,0.1,2,0,No,No,Yes,No,No
60,34,22,92037,3,0.3,3,139,No,No,Yes,Yes,No
44,20,70,94611,4,1.9,1,0,No,No,Yes,No,No
43,19,35,92106,3,0.5,1,0,No,No,Yes,No,No
32,7,44,90095,4,0.8,1,0,No,No,Yes,No,No
30,4,40,92056,4,2.1,3,0,No,No,Yes,Yes,No
61,36,21,95616,4,0.4,2,123,No,No,No,No,No
33,3,74,95616,4,4,3,0,No,No,No,No,No
63,37,84,91768,4,1.9,2,0,No,No,Yes,No,No
57,31,58,91604,1,0.2,1,177,No,No,Yes,No,No
44,19,154,92116,2,8.8,1,0,No,No,Yes,No,No
51,26,78,92703,1,1.2,1,305,No,No,Yes,No,No
55,29,29,92780,4,1.5,3,79,No,No,Yes,No,No
38,12,53,95616,2,2.4,2,0,No,No,Yes,No,No
62,37,21,92691,4,0.4,2,137,No,No,Yes,Yes,No
57,32,63,94111,4,0.7,1,0,No,No,Yes,No,No
57,33,24,95616,4,0.7,1,0,No,No,Yes,No,No
57,33,95,95054,2,1.6,1,0,No,No,No,No,No
46,22,28,94720,1,1,1,84,No,No,Yes,Yes,No
64,40,15,91711,2,0.3,3,115,No,No,Yes,Yes,No
23,-1,149,91709,1,6.33,1,305,No,No,No,Yes,No
47,21,68,94538,4,2.6,3,0,No,No,No,No,No
41,16,64,92325,3,0.5,3,0,No,No,No,No,No
31,5,91,92096,3,1.6,1,126,No,No,Yes,Yes,No
55,30,28,95123,1,1.5,2,0,No,No,No,No,No
42,18,31,94720,1,0.3,3,0,No,No,No,Yes,No
56,32,8,93943,2,0.3,1,0,No,No,Yes,Yes,No
61,36,193,94303,1,4.7,3,203,No,No,Yes,No,Yes
38,13,129,92093,4,4.4,1,140,No,No,No,No,Yes
30,4,80,94701,4,1.8,2,0,No,No,No,No,No
41,15,22,90503,4,1.5,3,0,No,No,No,Yes,No
55,29,60,94305,3,2.2,3,84,No,No,Yes,No,No
32,6,112,95054,4,1.8,2,0,No,No,Yes,No,No
59,35,14,90840,4,0.7,1,0,No,No,Yes,No,No
46,22,144,93611,2,3.3,1,0,No,No,Yes,Yes,No
39,14,24,94305,2,0.3,2,0,No,No,No,No,No
62,36,135,94301,2,5.2,2,0,No,No,Yes,No,Yes
57,32,75,94928,2,3.7,1,236,No,No,Yes,No,No
40,16,50,92093,2,1.7,1,174,No,No,No,No,No
63,38,54,90401,3,2.2,1,0,No,No,Yes,No,No
63,38,83,92122,2,3.4,1,0,No,No,No,No,Yes
54,30,45,95134,4,1.1,2,205,No,No,Yes,No,No
38,13,114,92697,1,1,3,0,No,No,Yes,Yes,No
50,25,15,92173,1,0.4,3,0,No,No,No,No,No
34,10,81,94002,4,3.4,1,0,No,No,Yes,No,No
57,32,55,90717,4,2.1,1,108,No,No,Yes,No,No
44,19,99,95064,3,3.5,3,357,No,No,No,No,Yes
28,3,25,91330,2,0.9,3,140,No,No,Yes,No,No
50,26,192,90245,2,1.8,3,301,No,Yes,Yes,Yes,Yes
29,3,30,91745,4,0.3,2,157,No,No,No,No,No
54,29,29,90071,1,1.5,2,97,No,No,Yes,No,No
35,8,41,92612,2,1,2,0,No,No,Yes,Yes,No
58,33,122,93711,4,0.2,2,0,No,Yes,Yes,No,Yes
62,37,50,94545,3,1.5,1,169,No,No,Yes,No,No
28,4,43,95616,3,0.1,2,0,No,No,Yes,No,No
61,35,112,90024,4,1.7,3,0,No,No,No,Yes,No
56,32,25,95403,1,0.1,2,136,No,No,Yes,No,No
37,12,42,94720,3,0.7,2,0,No,No,Yes,Yes,No
36,6,78,91107,4,1.8,3,163,No,No,No,No,No
64,34,50,95616,4,1.67,3,0,No,No,Yes,No,No
49,24,79,95827,1,0.2,2,83,No,No,Yes,Yes,No
51,26,34,94105,4,0.4,2,0,No,No,No,No,No
35,10,23,94501,4,0.2,3,0,No,No,Yes,No,No
53,27,145,90095,2,6.1,3,294,No,Yes,Yes,Yes,Yes
43,17,49,95812,3,2.2,2,103,No,No,Yes,Yes,No
59,34,24,94105,2,0.2,3,86,No,No,Yes,No,No
47,22,33,91105,1,1.4,3,0,No,No,Yes,No,No
47,21,83,92220,1,3.8,1,97,No,No,No,No,Yes
56,30,39,90024,3,1.4,1,131,No,No,No,Yes,No
41,17,138,95008,3,6.9,2,0,No,No,Yes,No,Yes
39,14,61,94005,3,0.5,3,137,No,No,Yes,No,No
54,24,75,90089,2,4.5,3,0,No,No,No,No,No
39,14,75,95762,3,3,1,0,No,No,No,Yes,No
29,3,175,90095,3,3.3,3,329,No,No,Yes,No,Yes
47,22,24,90717,4,0.4,2,142,No,No,Yes,No,No
53,28,20,94080,3,0.1,2,0,No,No,No,No,No
63,37,40,94024,2,1,3,167,No,No,No,No,No
31,5,79,94720,4,2.2,2,0,No,No,No,No,No
27,3,40,94550,3,0.1,2,111,No,No,Yes,No,No
50,24,44,94086,4,1.8,1,0,No,No,Yes,Yes,No
50,24,188,92007,3,1.3,1,184,No,No,No,Yes,Yes
35,10,182,95051,1,0.3,2,229,No,Yes,Yes,Yes,Yes
47,21,79,94110,3,1.1,1,185,No,No,Yes,Yes,No
55,29,61,95051,4,2.8,2,0,No,No,Yes,Yes,No
58,33,34,92028,3,0.2,1,83,No,No,Yes,No,No
54,28,183,90071,1,1,1,442,No,No,No,No,No
28,2,70,90630,3,0.3,3,0,No,No,No,Yes,No
51,24,84,94117,3,2,2,0,No,No,No,No,No
41,16,79,96064,1,1,3,233,No,No,Yes,No,No
37,13,172,95003,2,6.5,1,0,No,No,No,No,No
35,9,58,91101,1,2.5,1,0,No,No,Yes,Yes,No
30,4,73,94305,3,3.3,1,0,No,Yes,Yes,Yes,Yes
31,4,28,94126,1,2,2,0,No,No,No,No,No
55,28,38,95616,3,1,2,0,No,No,Yes,No,No
32,6,13,94611,4,0.3,1,0,No,No,Yes,Yes,No
32,7,143,91365,3,2.9,3,0,No,No,Yes,No,Yes
44,20,75,91335,4,1.9,1,0,No,No,No,No,No
33,7,120,94022,1,3.2,3,0,No,No,Yes,No,Yes
49,24,91,95822,1,2.8,2,0,No,No,No,No,No
55,31,81,95521,3,2.67,1,0,No,No,Yes,No,No
63,37,21,95831,2,0.4,1,0,No,No,Yes,No,No
55,30,55,92821,4,0.9,1,215,No,No,Yes,Yes,No
59,35,42,93555,1,1.8,3,0,No,No,Yes,No,No
41,16,81,92653,2,0.4,1,0,No,No,No,Yes,No
50,26,23,92028,4,0.2,1,0,No,No,No,Yes,No
38,14,112,94501,2,2.2,1,394,No,No,No,No,No
64,40,43,95014,1,1.9,2,0,No,No,Yes,No,No
36,10,42,93106,4,1.2,2,0,No,No,Yes,Yes,No
29,4,58,91006,1,0.8,2,0,No,No,Yes,Yes,No
42,17,90,90504,1,0.1,2,0,No,No,No,Yes,No
43,19,31,94025,3,0.5,1,0,No,No,No,No,No
42,17,115,92717,2,0.4,1,0,No,No,Yes,No,No
32,7,123,92407,2,2.9,2,0,No,No,Yes,No,Yes
37,13,71,94609,2,2.7,1,94,No,No,Yes,No,No
32,7,94,91361,2,3.1,1,0,No,No,Yes,No,No
63,37,165,95035,4,5.1,3,0,No,No,No,No,Yes
50,26,48,91711,1,1.6,2,0,No,No,No,Yes,No
50,24,84,93943,4,4.9,1,0,No,No,Yes,No,No
34,8,44,91101,4,0.2,1,0,No,No,No,No,No
27,2,78,93943,4,0.2,1,87,No,No,No,No,No
45,18,80,92407,3,2.67,2,0,No,No,No,No,No
61,37,20,90011,3,0.4,2,94,No,No,No,No,No
60,36,14,90089,2,0.3,1,109,No,No,Yes,Yes,No
27,1,25,94920,4,0.3,2,0,No,No,Yes,Yes,No
53,29,22,93943,2,0.4,1,0,No,No,Yes,No,No
44,18,33,90405,3,1.5,1,0,No,No,Yes,Yes,No
54,28,60,94110,4,2.6,3,0,No,No,No,No,No
28,2,63,91116,2,1.6,3,0,No,No,Yes,No,No
51,26,12,90245,2,0.7,3,109,No,No,Yes,Yes,No
33,8,130,94720,3,6.3,2,99,No,No,No,Yes,Yes
44,19,35,94305,4,0,2,0,No,No,Yes,No,No
36,12,40,91101,2,0.6,3,0,No,No,Yes,Yes,No
52,27,35,95616,4,0.2,2,0,No,No,Yes,No,No
57,31,40,91107,3,1.4,3,137,No,No,Yes,Yes,No
26,1,53,94720,2,1.6,3,0,No,No,Yes,No,No
34,9,62,92677,3,2.3,1,0,No,No,No,No,No
36,11,14,92673,4,0.2,3,100,No,No,Yes,Yes,No
43,18,60,91311,2,2.2,3,0,No,No,No,Yes,No
28,4,94,92115,3,0.8,1,236,No,No,Yes,No,No
27,2,92,95616,2,3.1,1,178,No,No,Yes,No,No
42,16,20,95351,2,0.8,3,117,No,No,Yes,Yes,No
45,20,194,92110,2,8.8,1,428,No,No,No,No,No
48,22,84,90024,2,0.4,3,145,No,No,No,No,No
65,40,98,95064,3,1.8,2,333,No,No,No,No,No
30,6,64,94305,4,3.4,1,117,No,No,No,No,No
29,3,50,94010,3,1.1,2,0,No,No,No,Yes,No
42,18,54,94010,4,2.2,2,0,No,No,No,No,No
62,38,100,90277,4,1.7,2,0,No,No,Yes,No,No
56,31,81,92373,2,3.7,1,121,No,No,Yes,Yes,No
34,10,71,95003,1,0.1,1,257,No,No,Yes,Yes,No
34,9,31,94115,4,1.1,3,0,No,No,Yes,Yes,No
54,24,50,92037,3,2,3,0,No,No,Yes,Yes,No
38,14,71,95136,4,2,3,0,No,No,No,No,No
62,36,21,95616,3,0.3,3,0,No,No,No,No,No
52,26,178,94234,1,1,1,0,No,No,No,No,No
32,6,35,94005,2,0.3,1,0,No,No,No,Yes,No
27,3,123,95138,1,5.4,1,0,No,No,No,No,No
52,26,45,91604,3,0.6,2,0,No,No,No,No,No
52,28,15,95064,1,0.2,1,0,No,No,Yes,No,No
28,4,32,90095,3,1,2,0,No,No,No,No,No
47,22,35,94304,2,1.3,1,0,No,No,Yes,No,No
36,12,42,93555,1,1.33,1,0,No,No,Yes,No,No
26,0,179,92028,4,2.1,2,0,No,No,No,No,Yes
51,27,42,90245,4,0.1,3,0,No,No,No,No,No
35,11,82,94131,4,3.4,1,0,No,No,No,No,No
41,17,48,92831,2,0.6,3,215,No,No,No,Yes,No
26,2,171,93943,3,6,2,0,No,No,Yes,No,Yes
50,25,83,92007,1,2.8,2,0,No,No,Yes,Yes,No
32,8,79,92115,1,0.1,1,0,No,No,No,No,No
62,38,42,95747,3,0.1,3,149,No,No,No,Yes,No
46,21,40,94025,4,1.9,3,122,No,No,Yes,No,No
30,5,20,94545,4,0.5,3,117,No,No,No,No,No
50,26,179,92612,1,2.9,3,0,No,No,No,Yes,Yes
63,39,45,92870,4,1.3,2,86,No,No,No,No,No
27,3,109,93023,2,2.5,1,0,No,No,Yes,No,No
62,37,162,95051,1,1.3,1,0,No,No,Yes,No,No
52,28,25,90212,4,1,1,0,No,No,No,No,No
45,15,20,94107,1,0.75,3,0,No,No,Yes,No,No
29,3,80,94305,4,1.8,2,0,No,No,Yes,Yes,No
47,23,190,92831,4,0.3,3,305,No,No,No,No,Yes
42,18,141,93407,1,3.5,1,0,No,No,No,No,No
55,29,172,95064,1,5.2,2,0,No,No,No,No,Yes
58,28,75,92121,1,1.4,3,0,No,No,Yes,No,No
41,17,63,90745,2,3.2,1,0,No,No,No,No,No
33,8,48,94019,1,1,1,212,No,No,Yes,No,No
30,4,39,91105,1,1.5,1,0,No,No,No,Yes,No
55,30,64,90250,2,2.3,3,0,No,No,No,No,No
64,38,40,91330,1,2.5,3,94,No,No,Yes,Yes,No
31,5,85,95828,2,1.3,1,119,No,No,Yes,Yes,No
31,5,35,95064,1,0.6,3,171,No,No,No,No,No
32,7,52,92660,2,0.1,1,0,No,No,Yes,No,No
59,29,61,94025,1,1.4,3,0,No,No,No,No,No
36,12,25,95051,4,1,1,0,No,No,Yes,No,No
47,21,141,90095,1,2.4,1,0,No,No,No,No,No
29,4,22,92661,2,0.9,3,110,No,No,No,No,No
41,16,49,92122,3,0.5,3,0,No,No,Yes,No,No
44,20,82,94555,4,1.4,2,201,No,No,Yes,Yes,No
42,16,25,94304,2,0.8,3,0,No,No,No,Yes,No
51,25,33,93033,1,1.4,3,0,No,No,Yes,Yes,No
47,20,38,92115,3,2.5,2,0,No,No,No,No,No
40,16,85,92677,4,0.2,3,0,No,No,Yes,Yes,No
47,21,15,95207,4,0.6,3,77,No,No,Yes,No,No
59,35,59,90005,4,1.2,2,0,No,No,Yes,No,No
48,23,79,92124,2,3.8,3,0,No,No,Yes,No,No
28,4,43,91304,1,1,3,102,No,No,No,No,No
67,42,32,93943,1,1.1,3,0,No,No,No,Yes,No
60,35,8,94143,1,0.1,1,0,No,No,Yes,No,No
34,9,99,90245,4,2.2,2,155,No,No,Yes,No,No
35,9,141,93022,2,4.5,2,0,No,No,No,No,Yes
28,4,159,93907,1,1.5,1,0,No,No,Yes,Yes,No
30,4,18,95020,4,0.3,2,0,No,No,Yes,Yes,No
52,26,91,92173,1,4.3,2,0,No,Yes,Yes,Yes,Yes
65,39,113,90036,1,2,1,0,No,No,Yes,Yes,No
51,25,18,92109,1,0.3,3,93,No,No,No,Yes,No
35,10,75,93940,4,0.7,3,0,No,No,Yes,Yes,No
57,32,33,95747,2,2,2,0,No,No,Yes,No,No
58,32,65,90266,3,2.2,3,0,No,No,No,No,No
43,17,64,95053,4,3,3,221,No,No,Yes,No,Yes
63,38,22,92115,3,0.1,3,90,No,No,Yes,No,No
54,30,120,95039,1,7.4,1,119,No,No,Yes,Yes,No
33,8,175,92354,2,6.7,1,102,No,No,Yes,No,No
39,13,25,90304,4,1.5,3,0,No,No,Yes,No,No
62,37,155,93943,1,1.3,1,0,No,No,No,No,No
61,37,39,92096,4,0.4,1,0,No,No,Yes,Yes,No
36,12,73,95617,4,2,3,188,No,No,Yes,No,No
55,30,34,95820,4,0.1,3,157,No,No,Yes,No,No
29,5,21,90601,3,0.9,3,119,No,No,No,No,No
47,21,52,94720,1,1.2,2,194,No,No,No,No,No
46,20,73,93106,1,1.5,2,128,No,No,Yes,No,No
63,39,92,94710,2,0,3,0,No,No,Yes,No,No
51,27,44,94305,3,1.9,2,141,No,No,No,No,No
44,20,69,92028,1,0.8,3,184,No,Yes,Yes,Yes,No
50,26,88,90037,1,2.7,1,0,No,No,Yes,No,No
39,14,12,92093,2,0,3,0,No,No,No,No,No
53,29,24,94105,2,0.2,1,0,No,No,No,Yes,No
46,20,25,93401,4,0.6,3,125,No,No,No,No,No
56,31,192,90089,1,7,3,0,No,Yes,Yes,No,Yes
60,36,129,92028,2,6,1,0,No,No,Yes,No,No
54,28,83,93555,3,0.8,1,0,No,No,Yes,No,No
35,10,33,90266,4,1.7,1,87,No,No,Yes,No,No
55,29,21,92028,4,0.7,3,0,No,No,No,No,No
36,10,35,94608,2,0.3,1,98,No,No,Yes,No,No
38,14,103,94305,1,0.8,2,0,No,No,No,Yes,No
58,32,75,92096,2,2.3,3,0,No,No,No,No,No
45,21,29,90005,1,0.3,3,0,No,No,Yes,No,No
31,6,53,92093,4,2.2,1,114,No,No,Yes,No,No
39,14,24,94611,2,0.3,2,0,No,No,Yes,No,No
63,38,153,90045,1,1.3,1,455,No,No,No,No,No
62,38,53,92121,1,0,2,0,No,No,No,No,No
49,24,70,91330,1,2.9,1,0,No,No,No,No,No
30,6,193,94022,3,6.3,3,0,No,No,Yes,No,Yes
58,34,152,92182,4,3.6,3,0,No,No,No,No,Yes
27,3,84,95814,3,1.5,1,0,No,No,Yes,Yes,No
41,16,13,91125,2,0,3,0,No,No,Yes,No,No
52,26,93,91745,1,2.4,1,0,No,No,Yes,No,No
35,5,68,90509,4,1.8,3,0,No,No,No,No,No
47,21,85,93106,2,1.7,2,0,No,No,No,Yes,No
29,4,73,95039,1,0.8,2,0,No,No,Yes,No,No
48,18,182,92626,4,6,3,0,No,No,Yes,No,Yes
35,11,53,91355,3,2.8,1,0,No,No,No,No,No
37,11,34,95747,3,0.9,1,0,No,No,Yes,No,No
61,35,63,91605,1,1.6,1,0,No,No,Yes,No,No
37,12,100,92735,3,1.2,3,341,No,No,Yes,Yes,No
51,25,190,95138,2,4.2,2,0,No,No,Yes,No,Yes
56,30,73,94035,2,1.1,1,0,No,No,No,No,No
51,26,14,92182,2,0,1,103,No,No,Yes,No,No
57,31,43,95616,1,0.2,1,0,No,No,No,No,No
48,23,35,94025,4,0.4,2,118,No,No,No,No,No
29,3,108,94304,4,1.8,2,0,No,No,No,No,No
65,41,40,94542,3,0.1,3,0,No,No,Yes,No,No
46,22,198,95521,2,6.67,1,0,No,No,No,Yes,No
56,31,84,92672,1,0.1,3,0,No,No,Yes,No,No
46,20,12,90250,4,0.6,3,0,No,No,No,Yes,No
27,3,201,95819,1,6.33,1,158,No,No,Yes,No,No
44,20,20,92780,1,1.4,3,0,No,No,No,No,No
32,8,200,91330,2,6.5,1,565,No,No,Yes,No,No
33,7,101,93727,1,2.7,2,233,No,No,No,No,No
40,16,19,92028,4,0.4,2,0,No,No,Yes,Yes,No
52,28,8,95060,1,0.3,1,0,No,No,Yes,No,No
54,29,59,92867,2,2.3,3,152,No,No,Yes,No,No
52,26,54,90049,2,1.5,2,0,No,No,No,Yes,No
50,20,25,91320,4,0.4,3,0,No,No,Yes,No,No
41,17,51,94402,2,0.6,3,0,No,No,No,Yes,No
43,19,125,92122,3,2.4,1,0,No,No,Yes,No,Yes
25,0,88,94566,2,1.8,2,319,No,No,Yes,Yes,No
50,24,32,94701,4,1.8,1,109,No,No,Yes,No,No
28,3,29,91105,4,0.8,1,135,No,No,Yes,No,No
62,36,25,90740,3,0.3,3,0,No,No,Yes,Yes,No
29,5,21,90717,4,0.4,2,89,No,No,No,Yes,No
49,23,79,95819,3,0.7,2,151,No,No,Yes,No,No
53,29,25,92008,2,0.4,1,0,No,No,Yes,No,No
28,3,55,92647,4,1.7,2,0,No,No,Yes,Yes,No
40,14,54,96003,2,0.7,1,0,No,No,No,No,No
31,6,44,94720,4,0.8,1,0,No,No,No,No,No
48,24,134,94105,1,5,1,0,No,No,No,Yes,No
26,0,149,95051,2,7.2,1,154,No,No,No,No,No
36,11,15,94720,2,0.3,2,119,No,No,No,No,No
46,22,73,91360,1,0.8,3,117,No,No,No,No,No
52,27,34,93117,2,0.7,2,114,No,No,Yes,Yes,No
27,3,32,94710,3,1,2,0,No,No,No,No,No
34,9,68,94720,1,2.8,1,0,No,No,Yes,No,No
52,26,19,90650,2,0.7,2,0,No,No,No,Yes,No
53,27,192,94720,1,1.7,1,601,No,No,Yes,No,No
35,11,34,93117,1,1.5,2,0,No,No,No,No,No
44,20,171,91330,4,0.7,1,567,No,Yes,Yes,Yes,Yes
48,22,139,94309,1,0,1,0,No,Yes,Yes,Yes,No
49,24,70,90024,1,2.9,1,0,No,No,No,Yes,No
35,10,143,91365,1,8.6,1,0,No,No,Yes,Yes,No
44,20,185,94086,3,2.7,1,0,No,No,Yes,No,Yes
35,10,78,92121,1,2.6,2,0,No,No,No,No,No
29,3,121,92806,2,1.3,1,0,No,No,No,No,No
61,36,10,90740,1,0.1,1,0,No,No,No,No,No
43,19,128,95054,1,4.7,1,0,No,No,Yes,No,No
61,36,55,90033,3,0.9,3,0,No,No,Yes,Yes,No
48,22,79,95747,3,0.7,2,0,No,No,Yes,No,No
45,20,62,95818,2,2.2,3,0,No,No,Yes,No,No
47,22,25,90404,1,0.1,1,148,No,No,Yes,No,No
49,23,194,94022,4,8.3,2,0,No,No,No,Yes,Yes
59,29,45,95630,3,2,3,0,No,No,Yes,No,No
41,16,23,94143,2,0.3,2,118,No,No,No,No,No
47,23,171,94546,2,1.4,1,284,No,No,Yes,Yes,No
31,7,99,94720,1,4,1,0,No,No,Yes,No,No
28,2,43,95616,4,1.3,3,0,No,No,Yes,Yes,No
55,25,23,93106,4,0.4,3,88,No,No,No,No,No
65,40,21,92717,3,0.1,3,0,No,No,No,Yes,No
34,8,60,94015,4,2.2,2,0,No,No,No,Yes,No
51,25,60,90401,4,2.6,1,97,No,No,Yes,No,No
52,25,41,95403,3,1,2,0,No,No,Yes,No,No
67,41,20,91741,2,0.4,1,80,No,No,No,No,No
42,17,82,95616,1,3.7,3,0,No,No,Yes,No,No
48,22,43,94588,1,1.2,2,112,No,No,Yes,No,No
63,37,110,95032,1,4.1,3,0,No,No,No,No,Yes
31,5,99,94065,4,1.8,2,268,No,No,No,No,No
28,4,69,94538,3,0.7,2,80,No,No,Yes,No,No
62,38,123,90210,1,2.9,1,0,No,No,No,No,No
56,30,78,90401,3,1.7,2,0,No,No,No,No,No
44,19,49,94720,4,1.9,3,89,No,No,Yes,No,No
57,33,163,94132,1,7.4,1,0,No,No,Yes,No,No
31,7,81,95006,2,2,2,0,No,Yes,Yes,Yes,No
42,18,50,95126,4,2.2,2,0,No,No,No,No,No
54,29,98,93065,1,0.1,3,0,No,No,No,No,No
59,33,34,94115,1,0.2,1,0,No,No,Yes,No,No
39,14,85,94005,3,1.2,3,107,No,No,Yes,Yes,No
56,26,50,90095,3,1.4,3,0,No,No,No,No,No
38,14,91,95060,2,0,1,0,No,No,Yes,No,No
25,-1,112,92507,2,2,1,241,No,No,Yes,No,No
42,17,98,92866,2,0.4,1,275,No,No,Yes,No,No
56,30,101,90048,3,1.7,2,0,No,No,No,Yes,No
43,18,83,95616,2,3.8,3,112,No,No,No,No,No
48,24,54,95616,1,1.6,2,186,No,No,Yes,No,No
62,32,53,96001,4,1.67,3,142,No,No,No,No,No
39,9,118,93555,2,6,3,246,No,Yes,Yes,Yes,Yes
54,28,31,92130,2,0.4,3,0,No,No,No,No,No
39,15,25,93023,1,1.4,3,0,No,No,No,No,No
45,19,22,90639,1,0.2,1,0,No,No,Yes,No,No
30,6,41,90095,1,2.4,2,0,No,No,Yes,No,No
58,34,35,94122,1,1.2,3,0,No,No,Yes,No,No
44,19,30,94501,1,0.6,3,0,No,No,Yes,No,No
56,29,51,94080,3,1,2,0,No,No,Yes,No,No
63,39,40,91311,4,1.2,2,0,No,No,Yes,No,No
34,9,191,94086,1,4.8,3,0,No,Yes,Yes,Yes,Yes
43,19,58,95307,2,3.2,1,0,No,No,Yes,No,No
61,36,29,90210,2,0.5,2,0,No,No,Yes,No,No
53,23,58,94720,4,2,3,0,No,No,Yes,Yes,No
52,28,62,94111,1,1.8,3,231,No,No,Yes,No,No
39,15,62,93955,4,2.4,1,86,No,No,No,No,No
36,12,38,94109,1,1.5,2,0,No,No,No,No,No
44,20,81,90245,4,2,3,277,No,No,Yes,No,No
42,18,89,94539,4,0.8,1,184,No,No,No,No,No
29,4,121,90028,2,3.3,1,0,No,No,Yes,No,No
28,2,42,95762,1,1.5,1,0,No,No,Yes,Yes,No
50,24,130,95833,1,1,1,0,No,No,No,No,No
44,19,30,95616,4,0,2,0,No,No,Yes,No,No
52,26,114,94304,1,4.9,1,0,No,No,No,No,No
28,4,155,90019,1,6.33,1,0,No,No,No,No,No
62,38,50,94539,2,1.1,1,0,No,No,No,Yes,No
34,10,34,95060,1,1.5,2,111,No,No,No,Yes,No
45,20,94,90095,3,0.5,3,0,No,No,Yes,No,No
52,26,114,91330,2,2.4,2,0,No,No,No,No,No
28,2,114,94606,4,2.1,3,0,No,No,Yes,No,No
32,8,29,92807,1,0.2,3,76,No,No,Yes,Yes,No
49,24,38,94305,1,1.4,3,0,No,No,No,No,No
56,32,103,94111,3,4,3,0,No,No,No,No,Yes
48,22,80,93940,2,2.4,2,0,No,No,Yes,No,No
44,17,128,94928,2,3.25,2,0,No,No,No,Yes,Yes
30,4,44,92704,1,1.9,3,143,No,No,No,No,No
47,23,170,90254,2,6.5,2,0,No,Yes,Yes,Yes,Yes
63,38,31,92037,1,1.1,3,125,No,No,Yes,No,No
25,0,99,92735,1,1.9,1,323,No,No,No,No,No
57,31,51,93943,1,1.4,1,0,No,No,Yes,Yes,No
49,19,169,95054,3,5.67,3,167,No,Yes,No,Yes,Yes
41,17,93,92835,4,0.8,1,218,No,No,No,No,No
46,20,103,91380,4,4.8,3,0,No,No,Yes,No,Yes
33,3,71,93561,4,1.8,3,236,No,No,No,No,No
59,33,80,93907,2,0.7,2,0,No,No,Yes,No,No
38,12,179,94596,2,0,1,380,No,No,No,No,No
30,3,61,92152,4,2,2,0,No,No,Yes,No,No
49,23,83,92126,1,0.3,1,0,No,No,Yes,Yes,No
36,10,29,93065,4,1,1,0,No,No,Yes,Yes,No
35,8,52,95616,2,1,2,0,No,No,No,Yes,No
50,24,150,94551,1,7.3,1,0,No,No,Yes,Yes,No
41,16,91,94720,3,0.5,3,0,No,No,No,No,No
57,32,25,90049,2,0.2,3,0,No,No,Yes,Yes,No
51,25,102,92677,1,0.3,1,0,No,No,Yes,No,No
43,16,161,95134,3,8,2,0,No,Yes,Yes,Yes,Yes
63,38,134,90640,3,4,2,0,No,No,No,Yes,Yes
28,4,43,94803,1,1.8,2,0,No,No,Yes,Yes,No
33,8,20,92691,3,1.3,1,83,No,No,No,Yes,No
37,12,125,91754,2,3.9,1,0,No,No,Yes,Yes,No
33,7,18,92093,1,0.6,3,0,No,No,No,No,No
28,3,173,92121,2,6.7,1,222,No,No,Yes,No,No
30,4,35,90059,4,0.8,1,0,No,No,Yes,Yes,No
40,16,53,94123,4,2,3,0,No,No,No,No,No
65,40,69,91706,4,0.1,2,0,No,No,Yes,No,No
31,7,38,94025,1,0.2,3,0,No,No,Yes,No,No
50,25,79,95023,1,2.9,1,307,No,No,No,Yes,No
57,31,64,90024,3,2.5,1,208,No,No,No,Yes,No
47,21,174,94025,4,3.2,3,0,No,No,No,No,Yes
55,29,54,95051,2,2.3,3,93,No,No,No,No,No
53,29,10,90095,2,0.4,1,0,No,No,No,No,No
31,6,145,93940,1,0.8,1,84,No,No,Yes,No,No
25,-1,81,92647,2,1.6,3,0,No,No,Yes,Yes,No
40,14,58,90245,4,0.2,3,0,No,No,Yes,No,No
31,5,49,94114,4,1.8,3,0,No,No,Yes,Yes,No
57,33,25,92064,2,1,1,0,No,No,Yes,No,No
62,36,69,95039,2,1.7,3,0,No,No,Yes,No,No
31,7,15,91380,3,0.9,3,0,No,No,Yes,No,No
39,13,50,94923,3,0.5,3,0,No,No,No,No,No
55,29,64,93437,3,0.8,1,119,No,No,No,Yes,No
35,9,44,92054,3,0.9,1,89,No,No,No,No,No
44,20,93,91910,4,0.8,1,101,No,No,Yes,No,No
35,10,58,91754,4,0.7,3,232,No,No,No,No,No
55,31,15,95747,1,0.2,1,0,No,No,No,No,No
39,15,41,95035,1,2,2,176,No,No,Yes,No,No
50,26,115,95008,1,1.2,3,0,No,No,No,Yes,Yes
55,31,62,93943,4,1.5,1,0,No,No,Yes,No,No
57,32,40,94720,3,1.7,1,0,No,No,Yes,Yes,No
54,30,58,92007,2,3.2,3,0,No,No,No,No,No
62,38,30,94304,3,0.1,3,128,No,No,Yes,No,No
40,14,123,90041,1,5.2,1,0,No,No,Yes,No,No
35,11,93,90747,2,2.7,1,0,No,No,Yes,Yes,No
50,25,83,94720,4,3.1,1,0,No,No,No,Yes,Yes
61,35,99,94085,1,4.8,3,255,No,No,No,Yes,Yes
43,17,55,93933,3,2.2,2,0,No,No,No,No,No
33,3,69,92161,4,1.8,3,0,No,No,Yes,No,No
65,40,162,94596,1,1.3,1,0,No,No,Yes,No,No
31,7,108,94507,1,4,1,0,No,No,Yes,No,No
37,13,158,93943,2,2.3,2,0,No,Yes,Yes,Yes,Yes
58,33,42,91380,2,1.6,3,0,No,No,Yes,No,No
34,8,29,90025,2,2,3,0,No,No,Yes,Yes,No
62,36,183,90095,2,3.4,3,0,No,No,No,No,Yes
54,30,40,90024,2,1,3,0,No,No,No,No,No
48,23,128,94309,1,0.6,1,0,No,No,Yes,Yes,No
42,18,171,90027,2,8,1,0,No,No,Yes,No,No
25,1,13,95814,4,1,1,95,No,No,No,Yes,No
51,27,33,92037,4,0.2,1,83,No,No,Yes,No,No
60,35,34,94102,1,0.3,3,0,No,No,Yes,No,No
59,35,58,91355,1,0,2,0,No,No,Yes,No,No
41,16,111,92009,2,0.4,1,0,No,No,No,No,No
63,37,20,94704,2,0.4,1,76,No,No,No,No,No
38,12,180,90245,1,2.8,3,158,No,No,Yes,No,Yes
36,10,33,94080,3,0.9,1,0,No,No,No,No,No
28,3,193,94501,3,4,2,0,No,No,Yes,No,Yes
48,24,162,91355,4,3.3,2,446,No,Yes,Yes,No,Yes
38,13,9,92634,2,0.3,2,0,No,No,No,No,No
52,22,58,93101,4,2,3,223,No,No,Yes,No,No
65,40,80,94105,1,0.8,3,0,No,No,Yes,No,No
38,12,29,92084,2,1.4,3,0,No,No,Yes,No,No
25,1,98,90717,1,5.4,1,0,No,No,Yes,No,No
46,22,72,91711,4,1.4,2,149,No,No,Yes,Yes,No
59,35,39,92028,1,1.8,3,0,No,No,Yes,No,No
36,12,35,95812,4,0.4,2,0,No,No,Yes,No,No
48,22,35,92709,1,1.4,3,0,No,No,Yes,No,No
35,11,190,92093,3,3.1,2,266,No,No,No,No,Yes
60,34,60,95616,1,2.5,3,103,No,No,No,No,No
63,37,8,94618,1,0.8,2,97,No,No,Yes,No,No
31,5,54,92173,4,2.2,2,0,No,No,No,No,No
33,9,79,94612,1,0.1,1,0,No,No,Yes,No,No
56,31,13,94305,4,0.9,2,76,No,Yes,Yes,Yes,No
59,33,93,91320,2,0.7,2,0,No,No,No,No,No
24,0,82,90401,3,0.8,1,0,No,No,Yes,No,No
30,3,150,94305,4,5,2,0,No,No,Yes,No,Yes
47,21,28,92868,3,1.5,1,0,No,No,Yes,No,No
35,11,9,93106,4,0.7,2,0,No,No,Yes,No,No
47,23,88,94305,4,1.4,2,0,No,No,No,No,No
38,13,143,94550,1,4.1,1,0,No,No,No,No,No
26,2,51,92103,4,2.6,1,0,No,No,Yes,No,No
27,3,90,91365,3,0.8,1,0,No,No,Yes,No,No
30,4,204,91107,2,4.5,1,0,No,No,Yes,No,No
57,32,31,95039,3,1.3,2,0,No,No,Yes,Yes,No
48,22,114,92007,1,2.4,3,0,No,No,Yes,No,Yes
47,23,90,95449,1,2.7,1,323,No,No,No,No,No
57,33,170,95051,2,2.1,2,0,No,No,No,No,Yes
42,17,14,91768,2,0.1,2,0,No,No,Yes,No,No
53,23,39,92101,3,1,3,87,No,No,Yes,No,No
62,37,15,94583,3,0.1,3,91,No,No,No,No,No
38,13,84,93403,4,0.7,3,0,No,No,No,No,No
47,21,89,94720,2,0.8,3,0,No,No,Yes,Yes,No
27,2,170,95818,3,4.7,1,0,No,No,Yes,No,Yes
32,7,185,92009,2,6.7,1,0,No,Yes,Yes,Yes,No
32,6,32,92806,2,0.3,1,0,No,No,No,No,No
62,37,115,90245,4,3.4,2,0,No,No,Yes,Yes,No
48,22,83,91345,2,2.4,2,0,No,No,Yes,No,No
58,32,54,94035,3,0.3,2,0,No,No,Yes,Yes,No
52,26,182,95818,2,1.4,2,0,No,No,Yes,No,Yes
60,34,23,94803,1,0.8,2,112,No,No,Yes,No,No
46,22,84,92692,4,2,3,0,No,No,Yes,No,No
62,37,129,94143,1,1.3,1,0,No,No,Yes,No,No
31,7,113,94542,2,2,2,315,No,No,No,No,No
41,11,35,93107,1,0.75,3,114,No,No,Yes,No,No
45,21,69,90025,4,1.9,1,0,No,No,No,No,No
43,16,201,95054,1,10,2,0,No,No,No,Yes,Yes
56,31,72,90095,3,2,2,0,No,No,No,No,No
65,40,20,94608,3,0.5,1,102,No,No,Yes,Yes,No
65,40,89,90291,1,4.1,1,299,No,Yes,Yes,No,Yes
52,26,59,92660,2,1.5,2,239,No,No,No,Yes,No
64,39,8,92104,3,0.1,3,87,No,No,No,Yes,No
52,28,22,91711,2,0.4,1,0,No,No,Yes,Yes,No
55,31,74,94611,2,3.2,3,0,No,No,Yes,Yes,No
46,19,59,93555,3,2.67,2,0,No,No,No,No,No
61,36,12,93023,4,0.6,2,0,No,No,Yes,Yes,No
56,31,74,94920,3,1.6,3,0,No,No,Yes,Yes,No
31,5,184,92064,4,3.4,2,0,No,Yes,Yes,Yes,Yes
27,1,85,93302,2,1.6,3,0,No,No,No,No,No
40,15,31,94720,1,0.6,3,0,No,No,Yes,No,No
59,35,88,94923,2,1.6,1,0,No,No,No,Yes,No
50,24,45,94005,4,0.1,1,93,No,No,Yes,No,No
58,33,23,91768,3,0.2,1,0,No,No,No,No,No
33,9,49,94928,1,2.4,2,0,No,No,Yes,No,No
46,20,185,94131,4,7.5,2,428,No,No,No,Yes,Yes
63,39,52,90033,2,1.1,1,0,No,No,Yes,Yes,No
43,17,125,94720,4,3.5,2,0,No,No,No,No,Yes
31,5,72,94542,3,1.6,1,0,No,No,Yes,No,No
39,12,138,92697,1,4.67,2,0,No,No,Yes,No,Yes
42,18,145,94065,2,8,1,505,No,No,No,No,No
41,15,75,95010,1,1.5,3,0,No,No,Yes,No,No
45,21,11,94143,4,0.2,1,106,No,No,Yes,Yes,No
25,0,53,90095,2,1.6,3,0,No,No,Yes,Yes,No
41,17,28,95616,1,0.7,1,0,No,No,No,Yes,No
63,37,44,94550,2,1,3,0,No,No,Yes,No,No
54,30,78,92507,4,1.6,2,0,No,No,Yes,Yes,No
61,36,55,94132,3,0.9,3,197,No,No,No,No,No
33,7,58,95616,4,2.2,2,0,No,No,Yes,Yes,No
23,-1,73,92120,4,2.6,1,0,No,No,Yes,No,No
54,30,45,92182,4,0.9,2,0,No,No,No,Yes,No
38,12,93,95616,1,5.2,1,267,No,No,Yes,No,No
34,9,102,92115,4,2.2,2,0,No,No,Yes,No,No
51,25,30,91116,3,0.6,2,144,No,No,No,Yes,No
31,5,22,91401,1,0.6,3,0,No,No,No,No,No
64,38,38,94305,2,0.3,1,186,No,No,Yes,Yes,No
60,35,38,94701,3,0.5,2,0,No,No,Yes,Yes,No
25,1,70,93010,4,2.6,1,218,No,No,Yes,No,No
51,26,42,92103,2,0.6,3,0,No,No,Yes,Yes,No
31,7,64,94720,1,1.2,1,0,No,No,Yes,No,No
54,29,23,93955,1,1.5,2,0,No,No,No,No,No
34,8,164,94720,4,7.4,3,0,No,No,Yes,No,Yes
54,30,39,95211,2,0.8,1,0,No,No,No,Yes,No
42,17,19,92115,2,0,3,85,No,No,Yes,Yes,No
62,37,41,95060,3,0.9,3,0,No,No,Yes,Yes,No
31,5,32,92123,2,0.3,2,130,No,No,Yes,No,No
60,36,32,92407,3,0.4,2,165,No,No,Yes,No,No
43,18,89,92780,1,0.1,2,307,No,No,No,Yes,No
36,11,44,91040,2,1.1,2,85,No,No,Yes,No,No
64,38,40,92122,2,1,3,0,No,No,No,No,No
54,28,30,95616,4,0.7,2,0,No,No,Yes,No,No
40,14,179,90025,1,2.6,3,0,No,No,Yes,No,Yes
30,5,178,94063,2,6.7,1,0,No,No,No,No,No
29,3,41,92626,4,0.2,1,0,No,No,Yes,No,No
38,14,80,92868,2,2.7,1,0,No,No,Yes,No,No
46,22,70,94701,4,1.9,1,212,No,No,No,Yes,No
63,37,32,93117,3,0.7,2,141,No,No,No,No,No
38,14,20,94024,4,0.4,2,79,No,No,Yes,Yes,No
48,24,61,91380,2,1.7,1,229,No,No,No,Yes,No
66,42,39,94590,1,1.9,2,0,No,No,Yes,Yes,No
60,36,10,92121,2,1,1,0,No,No,Yes,Yes,No
56,29,45,90095,4,2.5,2,113,No,No,Yes,No,No
26,1,50,95616,4,0.6,2,0,No,No,No,No,No
29,5,44,95819,3,0.1,2,0,No,No,Yes,Yes,No
59,35,14,94305,2,1,1,107,No,No,Yes,No,No
53,28,19,94608,4,0.8,1,106,No,No,No,Yes,No
54,29,111,93023,1,1.1,2,0,No,No,Yes,No,Yes
51,25,104,94949,1,4.2,2,0,No,No,Yes,No,Yes
53,27,75,94303,1,1.9,2,0,No,No,Yes,No,No
37,12,175,92037,2,7.8,1,297,No,No,Yes,Yes,No
54,30,79,92630,4,1.6,2,0,No,No,Yes,No,No
58,34,90,95039,1,3.6,2,0,No,No,No,No,Yes
25,-1,39,94720,3,2.4,2,0,No,No,Yes,No,No
38,13,15,90245,2,0.1,2,90,No,No,Yes,No,No
48,24,80,91343,1,2.7,1,0,No,No,Yes,No,No
39,15,65,95822,1,1.5,3,0,No,No,No,No,No
36,11,23,94553,4,0.2,3,0,No,No,Yes,No,No
36,12,88,90212,2,2.7,1,0,No,No,Yes,No,No
30,5,42,94305,1,1,1,184,No,No,No,No,No
46,21,34,92373,2,1.3,1,0,No,No,Yes,No,No
30,4,154,95621,2,4.5,1,207,No,No,Yes,No,No
34,8,40,91768,2,2,3,89,No,No,No,No,No
62,32,33,93907,1,1.5,3,140,No,No,Yes,Yes,No
45,18,10,92037,3,0.67,2,100,No,No,Yes,No,No
60,36,30,93711,4,1.3,1,118,No,No,Yes,Yes,No
55,29,78,95521,1,0.8,3,190,No,No,Yes,No,No
52,27,23,92780,1,0.4,3,0,No,No,No,No,No
33,9,42,95010,1,2.1,3,0,No,No,Yes,No,No
64,40,123,90840,1,3.8,1,0,No,No,Yes,Yes,No
46,20,152,95814,1,7.4,3,374,No,Yes,Yes,Yes,Yes
48,23,161,96003,4,7.9,3,310,No,No,No,No,Yes
48,23,79,94024,1,0.2,2,0,No,No,No,No,No
35,10,105,92780,1,4.6,1,0,No,No,No,No,No
46,20,9,94005,1,0.2,1,0,No,No,Yes,No,No
42,18,51,92868,3,2.1,3,0,No,No,No,No,No
50,24,32,90277,1,1.4,3,167,No,No,No,No,No
52,26,161,93108,4,4.3,1,0,No,Yes,Yes,Yes,Yes
56,31,49,92182,2,1.6,3,103,No,No,Yes,No,No
53,27,59,92038,2,0.8,3,0,No,No,Yes,No,No
56,30,61,93106,3,2.5,1,193,No,No,Yes,No,No
44,18,18,93943,2,0.1,3,0,No,No,Yes,No,No
50,24,81,94720,1,4.9,1,248,No,No,Yes,No,No
40,14,33,95616,2,0.8,3,89,No,No,Yes,No,No
38,13,179,93943,1,4.1,1,0,No,No,Yes,No,No
39,13,81,94309,2,2.8,1,0,No,No,Yes,No,No
63,38,14,92630,4,0.4,2,86,No,No,Yes,Yes,No
40,14,28,94061,2,0.8,3,0,No,No,No,No,No
30,5,121,94555,2,3.1,1,408,No,No,Yes,No,No
30,4,44,94304,1,1.5,1,109,No,No,No,No,No
66,41,145,90009,1,2.5,1,0,No,No,Yes,No,No
35,9,105,90064,2,4.5,3,0,No,No,No,No,No
32,7,100,92126,3,0.6,2,0,No,No,Yes,No,No
63,39,58,94112,1,0,2,0,No,No,Yes,No,No
59,33,142,94080,2,2.7,1,0,No,No,No,No,No
62,37,128,92093,1,2.5,1,0,No,No,No,No,No
30,6,101,90245,2,0.6,1,0,No,No,Yes,No,No
31,1,70,92115,2,1.75,3,0,No,Yes,Yes,Yes,No
32,8,70,91423,3,1.5,1,0,No,No,Yes,No,No
37,11,35,94609,2,0.8,3,0,No,No,No,No,No
28,2,101,90280,4,2.1,3,0,No,No,Yes,No,No
40,16,104,91730,1,3.4,1,249,No,No,No,No,No
46,20,82,90230,2,1.7,2,0,No,No,Yes,Yes,No
45,19,85,94720,3,2.1,1,0,No,No,Yes,Yes,No
40,15,8,94960,2,0.1,2,0,No,No,No,No,No
31,5,39,94590,4,2.2,2,0,No,No,Yes,Yes,No
43,17,158,90740,1,2.4,1,0,No,No,Yes,No,No
49,24,75,95670,1,2.8,2,160,No,No,No,Yes,No
28,4,69,94305,3,0.7,2,170,No,No,No,No,No
39,14,34,94939,4,1.7,1,0,No,No,Yes,Yes,No
31,7,32,91320,1,1.7,1,0,No,No,Yes,No,No
42,18,54,90089,1,1.8,1,0,No,No,Yes,No,No
58,33,173,92121,2,7.2,3,0,No,No,Yes,No,Yes
54,29,72,94558,2,3.7,1,144,No,No,Yes,No,No
49,24,30,90212,4,0.4,2,157,No,Yes,Yes,Yes,No
45,19,69,90840,1,2.8,1,220,No,No,Yes,Yes,No
58,34,63,90007,4,1.5,1,0,No,No,Yes,No,No
36,12,70,92131,3,2.6,2,165,No,No,Yes,No,No
53,29,12,95621,1,0.3,1,0,No,No,No,No,No
57,31,159,94577,2,0.5,1,0,No,No,No,No,No
35,9,103,95120,2,4.5,3,0,No,No,Yes,No,No
39,14,89,95762,2,0.4,1,0,No,No,Yes,No,No
50,25,38,95616,1,1.3,2,120,No,No,No,Yes,No
54,29,49,92703,2,2.1,3,95,No,No,Yes,Yes,No
32,7,82,94305,1,2.6,2,240,No,Yes,Yes,Yes,No
57,33,24,94501,1,0.1,2,0,No,No,No,No,No
51,25,34,95819,3,0.9,3,111,No,No,Yes,No,No
54,27,195,93117,2,4.75,2,477,No,No,No,No,Yes
37,11,22,93711,3,0.1,2,0,No,No,Yes,Yes,No
27,0,40,91301,4,1,3,0,No,No,Yes,No,No
32,7,49,94080,3,2.3,1,0,No,No,Yes,No,No
35,8,44,95045,4,1,2,192,No,No,No,Yes,No
56,31,65,93403,2,3.7,1,0,No,No,Yes,No,No
48,24,59,90401,1,0,1,144,No,No,Yes,No,No
33,9,183,91320,2,8.8,3,582,No,No,Yes,No,Yes
41,16,115,92333,1,7,1,0,No,No,No,No,No
63,37,185,94309,2,7.9,2,358,No,No,Yes,No,Yes
53,29,118,94066,2,0.3,1,0,No,No,Yes,No,No
46,20,140,93106,2,6.3,1,380,No,No,Yes,Yes,No
56,31,61,92646,4,1.3,3,0,No,No,Yes,Yes,No
59,35,168,95521,4,4.1,2,0,No,No,Yes,No,Yes
47,21,22,92037,1,0.2,1,104,No,No,No,No,No
36,9,115,91765,4,2.2,2,0,No,No,No,No,Yes
60,34,152,92807,2,6.9,1,0,No,No,No,No,No
44,20,182,94710,2,7.6,1,0,No,No,No,No,No
54,30,44,95616,3,1.5,1,117,No,No,Yes,No,No
52,26,35,94550,4,1.8,1,0,No,No,Yes,No,No
51,25,91,92407,1,0.8,3,0,No,No,No,No,No
65,39,53,94608,1,2.5,3,0,No,No,Yes,No,No
52,26,28,93907,2,0.7,2,90,No,No,Yes,Yes,No
58,34,41,91016,4,0.4,1,177,No,No,Yes,No,No
43,18,41,92831,1,0.3,3,0,No,No,Yes,No,No
56,32,33,95014,3,1.5,1,0,No,No,No,No,No
53,27,59,90740,2,0.8,3,0,No,No,Yes,No,No
54,28,53,94002,1,2.2,3,0,No,No,Yes,Yes,No
26,1,48,94019,3,2.6,3,169,No,No,No,No,No
31,7,105,94025,1,4,1,331,No,No,Yes,No,No
57,32,31,94143,3,0.1,2,0,No,No,Yes,No,No
30,5,30,90245,4,0.8,1,158,No,No,Yes,No,No
37,11,21,94604,3,0.2,2,0,No,No,Yes,No,No
37,11,84,90266,4,2.2,2,0,No,No,Yes,Yes,No
35,10,64,94306,3,0.7,2,230,No,No,Yes,No,No
35,9,82,94720,1,2.5,1,138,No,No,No,No,No
53,27,45,90405,2,0.8,3,0,No,No,Yes,Yes,No
45,21,133,92056,4,5.7,3,0,No,Yes,Yes,Yes,Yes
39,14,54,92037,2,1.1,2,159,No,No,No,Yes,No
36,11,90,94709,1,2.8,1,0,No,No,Yes,No,No
27,3,20,95616,4,1,1,134,No,No,Yes,Yes,No
67,43,105,93711,4,1.7,2,0,No,No,Yes,No,No
24,-1,78,94720,2,1.8,2,0,No,No,No,No,No
54,29,183,93105,1,8.1,1,0,No,No,Yes,Yes,No
36,11,158,95054,2,7.8,1,114,No,No,Yes,Yes,No
27,2,20,95064,4,0.5,3,0,No,No,Yes,No,No
65,39,113,92096,4,2.4,3,0,No,No,Yes,No,No
65,41,84,95762,2,0,3,0,No,No,Yes,Yes,No
59,33,23,94002,2,0.2,3,0,No,No,Yes,No,No
59,33,110,90007,3,4.4,1,264,No,No,Yes,No,No
65,39,82,94131,4,2.4,3,252,No,No,Yes,No,No
45,19,122,94590,4,4.1,2,0,No,No,Yes,No,Yes
49,25,55,92103,4,0.1,3,0,No,No,Yes,No,No
40,14,92,90024,4,1.4,2,0,No,No,Yes,No,No
50,25,58,93940,1,1.3,2,0,No,No,Yes,No,No
53,29,33,94591,3,1.9,2,144,No,No,No,No,No
60,36,39,94501,4,1.3,2,140,No,No,Yes,No,No
54,28,81,94720,3,0.8,1,0,No,No,No,No,No
42,18,114,94305,1,0.3,1,0,No,No,No,No,No
54,30,21,95351,1,0.1,2,76,No,No,Yes,No,No
64,40,8,94110,2,0.3,3,0,No,No,Yes,No,No
35,8,55,92870,2,1.67,2,0,No,No,Yes,No,No
55,31,34,94305,3,1.5,1,101,No,No,Yes,No,No
50,24,95,91401,1,0.3,1,262,No,No,Yes,No,No
52,26,49,90011,1,1.4,3,0,No,No,Yes,No,No
51,26,98,90024,1,1.3,3,0,No,No,Yes,Yes,No
59,35,42,91711,4,0.4,1,0,No,No,Yes,No,No
53,28,44,92152,2,0.6,3,0,No,No,Yes,Yes,No
53,23,80,93023,1,3,3,0,No,No,Yes,Yes,No
33,9,61,93943,3,2.6,2,0,No,No,Yes,No,No
54,24,25,90016,4,0.4,3,0,No,No,No,Yes,No
45,19,30,94305,3,0.5,2,0,No,No,Yes,Yes,No
26,2,132,94720,2,2.4,3,0,No,No,No,Yes,Yes
33,8,182,94065,1,8.6,1,0,No,No,No,No,No
61,36,53,92717,3,0.5,2,0,No,No,Yes,No,No
38,12,43,94305,4,0.2,1,0,No,No,No,No,No
23,-2,81,91711,2,1.8,2,0,No,No,No,No,No
35,10,73,93943,3,2.3,1,0,No,No,Yes,No,No
32,7,84,91320,3,0.6,2,0,No,No,Yes,Yes,No
47,22,82,92084,1,2.9,1,276,No,No,Yes,No,No
57,32,102,90210,1,2.6,1,0,No,No,Yes,No,No
25,-1,53,94305,3,2.4,2,0,No,No,No,No,No
59,33,111,95120,3,4.4,1,0,No,No,Yes,No,No
54,28,94,92709,2,1.1,1,188,No,No,No,No,No
42,18,142,93106,1,3.4,1,496,No,No,Yes,No,No
65,40,20,92647,3,0.1,3,0,No,No,No,Yes,No
50,24,179,94025,1,1,1,0,No,No,Yes,No,No
57,33,80,95053,4,1.6,2,0,No,No,No,No,No
37,13,95,90095,2,1.7,2,83,No,No,No,No,No
52,28,44,90747,3,1.9,2,0,No,No,No,Yes,No
33,7,88,94583,3,1.6,1,0,No,No,Yes,Yes,No
54,28,159,90245,2,0.5,1,461,No,No,Yes,No,No
58,32,128,94609,2,2.7,1,344,No,No,No,No,No
44,20,81,90254,4,0.8,1,228,No,No,No,Yes,No
53,29,50,93305,4,0.1,3,152,No,No,Yes,No,No
43,19,130,90630,2,4.7,3,221,No,No,No,Yes,Yes
33,9,14,91320,4,0.7,2,105,No,No,Yes,No,No
52,26,78,94301,3,3,2,0,No,No,No,No,No
47,22,42,91754,3,2.7,2,0,No,No,Yes,Yes,No
41,16,15,94124,2,0.3,2,83,No,No,No,No,No
58,32,48,91768,1,2.8,2,0,No,No,Yes,No,No
60,35,125,94720,2,3.9,1,0,No,No,No,No,No
28,4,114,92521,2,0.2,1,0,No,No,Yes,No,No
54,29,21,95841,4,0.1,3,0,No,No,No,No,No
56,26,90,92120,2,4.5,3,0,No,No,No,No,No
47,20,68,91320,1,2.67,2,0,No,No,Yes,Yes,No
54,30,51,92821,2,3.2,3,0,No,No,No,No,No
29,5,149,94611,1,1.5,1,0,No,No,Yes,No,No
36,10,78,95064,2,4.5,3,204,No,No,Yes,Yes,No
55,29,71,91311,3,0.3,2,0,No,No,No,Yes,No
57,33,15,94303,2,0.3,1,0,No,No,Yes,No,No
61,31,19,91109,1,1.5,3,0,No,No,Yes,No,No
58,32,42,95020,3,1.4,3,158,No,No,No,Yes,No
41,16,21,92024,2,0.1,2,0,No,No,No,No,No
49,25,30,90095,4,0.9,2,0,No,No,No,Yes,No
52,22,55,92129,3,1.4,3,0,No,No,Yes,No,No
35,11,75,94542,2,1.7,2,0,No,No,Yes,No,No
54,30,22,95060,2,0.4,1,89,No,No,Yes,No,No
25,0,91,95039,2,1.8,2,321,No,No,No,No,No
61,36,13,91711,3,0.5,1,0,No,No,Yes,No,No
36,11,103,93555,1,4.6,1,255,No,No,Yes,No,No
50,24,38,91105,4,0.1,1,0,No,No,Yes,No,No
43,18,104,91711,3,1,1,0,No,No,Yes,No,No
34,10,114,94305,3,3.3,3,0,No,No,No,No,Yes
26,1,38,91910,4,1.7,2,0,No,No,Yes,No,No
48,22,19,95616,2,0.1,3,106,No,No,No,No,No
40,15,83,90275,1,1,3,0,No,No,No,No,No
55,29,62,92626,3,0.3,2,0,No,No,Yes,No,No
54,30,24,92647,1,0.1,2,0,No,No,No,No,No
23,-1,13,94720,4,1,1,84,No,No,Yes,No,No
57,33,62,92831,3,2.67,1,240,No,No,No,No,No
28,4,88,94024,1,5.4,1,0,No,No,Yes,No,No
51,25,180,94701,1,1.7,1,0,No,No,Yes,No,No
52,28,55,94608,1,1.6,2,227,No,No,No,No,No
43,16,65,94110,3,2.67,2,100,No,No,No,No,No
34,10,35,94309,1,1.7,1,0,No,No,Yes,No,No
49,24,35,94701,4,0.2,2,0,No,No,No,Yes,No
46,21,71,95814,4,1.9,3,0,No,No,No,No,No
27,3,103,92121,2,0.6,1,84,No,No,No,No,No
55,25,90,90717,2,4.5,3,0,No,No,No,Yes,No
32,6,31,92675,1,0.3,1,0,No,No,No,No,No
37,7,73,94043,4,1.8,3,0,No,No,Yes,Yes,No
33,9,20,95521,4,0.7,2,0,No,No,Yes,No,No
28,3,81,92121,4,0.2,1,0,No,No,No,No,No
44,20,119,92677,2,7.5,1,239,No,No,Yes,No,No
33,7,80,91103,2,1.5,3,0,No,No,Yes,Yes,No
53,29,61,95032,4,1.6,2,0,No,No,Yes,No,No
42,16,173,91355,2,1.5,2,373,No,Yes,Yes,Yes,Yes
35,9,83,90277,2,4.5,3,0,No,No,Yes,No,No
61,37,33,91775,3,0.1,3,0,No,No,Yes,No,No
52,28,38,95064,4,0.9,2,0,No,No,No,Yes,No
33,9,64,92507,4,3.4,1,0,No,No,No,No,No
37,12,114,91107,3,0.6,2,0,No,No,Yes,No,No
52,28,49,94928,4,1.1,2,0,No,No,Yes,No,No
30,4,40,90095,1,0.3,1,0,No,No,Yes,No,No
47,22,81,90009,4,3.6,3,0,No,No,Yes,Yes,No
41,17,81,95422,1,0.8,2,223,No,No,Yes,No,No
50,25,81,92806,1,1.2,1,0,No,No,No,No,No
61,37,9,93907,2,0.3,3,0,No,No,Yes,No,No
44,19,85,90024,2,3.8,3,0,No,No,Yes,No,No
67,41,114,95616,4,2.4,3,0,No,No,Yes,No,No
57,31,39,92821,1,2.2,3,0,No,No,Yes,Yes,No
43,17,111,91423,4,5.4,3,0,No,No,Yes,No,Yes
58,34,68,94305,2,2.8,1,113,No,No,No,No,No
50,23,179,94609,4,3.6,2,0,No,No,Yes,No,Yes
52,27,93,90291,4,4.1,2,0,No,No,No,Yes,Yes
32,8,65,95134,1,1.2,1,268,No,No,Yes,No,No
55,31,159,92123,1,3.9,3,0,No,No,No,No,Yes
45,21,91,95054,1,4.7,1,0,No,No,Yes,No,No
25,-1,101,95819,4,2.1,3,0,No,No,No,Yes,No
62,36,58,95020,1,2.8,2,0,No,No,No,Yes,No
53,28,38,94998,1,1.3,2,0,No,No,Yes,No,No
42,12,29,93611,3,2,3,0,No,No,No,No,No
56,32,11,94110,2,0.3,1,89,No,No,No,No,No
60,34,90,92192,4,1.9,2,0,No,No,Yes,No,No
55,29,28,94539,2,0.7,2,82,No,No,Yes,Yes,No
42,17,108,95120,3,1,1,383,No,No,Yes,No,No
39,13,78,95616,1,2.8,3,0,No,No,No,No,No
52,27,43,94611,4,0.2,2,0,No,No,Yes,No,No
53,29,95,94720,4,1,2,0,No,No,Yes,Yes,No
47,22,190,94550,2,8.8,1,0,No,No,No,No,No
48,24,24,91950,1,0.9,3,0,No,No,No,No,No
38,13,41,90073,4,1.7,1,0,No,No,Yes,No,No
48,22,80,94720,3,1.1,1,0,No,No,No,No,No
65,41,79,90035,3,2,3,0,No,No,No,No,No
60,35,153,95136,3,2,3,0,No,No,No,Yes,Yes
50,25,114,92104,1,0.6,1,0,No,No,No,Yes,No
41,15,120,94521,1,5.2,1,0,No,No,Yes,No,No
48,23,35,93302,2,1.3,1,0,No,No,No,No,No
45,20,22,90230,1,0.1,1,0,No,No,No,No,No
34,9,32,95054,4,1.1,3,0,No,No,Yes,No,No
67,42,21,94607,3,0.1,3,0,No,No,No,Yes,No
36,9,49,94402,2,1.67,2,0,No,No,No,Yes,No
40,14,30,94720,2,0.8,3,86,No,No,No,No,No
35,10,118,92069,2,7.8,1,358,No,No,No,No,No
60,34,11,94305,4,0.7,3,0,No,No,Yes,No,No
59,29,61,92008,3,2,3,0,No,No,Yes,No,No
43,19,110,90639,1,3.4,1,0,No,No,No,Yes,No
41,15,65,92037,2,2.8,1,0,No,No,Yes,Yes,No
52,26,191,92121,1,1.7,1,0,No,No,Yes,No,No
48,24,133,90740,1,5,1,0,No,No,No,No,No
31,5,85,94117,3,1.6,1,87,No,No,Yes,Yes,No
30,4,18,90277,2,0.3,2,0,No,No,Yes,No,No
33,9,152,90024,1,6,1,0,No,No,Yes,Yes,No
51,27,53,92122,1,1.6,2,0,No,No,Yes,No,No
45,18,163,94720,3,5.33,2,0,No,Yes,No,Yes,Yes
57,31,61,91360,1,2.2,3,0,No,No,No,No,No
43,18,88,90089,4,1.1,2,0,No,No,Yes,No,No
65,41,83,94305,3,2,3,0,No,No,Yes,No,No
39,15,143,91711,1,3.5,1,0,No,No,Yes,Yes,No
46,22,135,95135,3,4.1,1,213,No,No,Yes,No,Yes
27,3,88,92182,3,0.8,1,238,No,No,No,No,No
32,7,58,92612,1,1,1,0,No,No,Yes,No,No
25,-1,113,90089,4,2.1,3,0,No,No,Yes,No,No
41,16,35,94061,2,1.4,2,135,No,No,No,No,No
31,6,170,94010,2,6.7,1,137,No,No,Yes,No,No
54,29,54,94720,2,2.1,3,97,No,No,No,No,No
48,22,39,94065,1,1.2,2,0,No,No,No,No,No
39,15,28,95818,1,1.4,3,118,No,No,Yes,Yes,No
29,5,113,95351,2,2,2,84,No,No,Yes,Yes,No
36,11,9,90230,4,0.2,3,0,No,No,Yes,No,No
54,24,72,95123,3,1.4,3,0,No,No,No,Yes,No
48,23,41,92677,1,1.4,3,0,No,No,No,Yes,No
61,35,38,93009,2,1,3,0,No,No,No,No,No
44,19,45,94539,4,0,2,0,No,No,Yes,Yes,No
31,5,115,90025,2,1.5,3,189,No,No,Yes,No,No
45,21,24,93106,1,0.9,3,0,No,No,No,No,No
64,38,32,90291,2,0.3,1,0,No,No,Yes,Yes,No
47,23,32,95370,1,1,1,0,No,No,No,Yes,No
56,31,53,95521,2,1.6,3,78,No,No,No,No,No
43,17,72,94806,1,2.8,1,271,No,No,Yes,No,No
43,17,80,95020,3,0.1,1,0,No,Yes,Yes,Yes,No
37,13,38,94701,1,1.5,2,116,No,No,No,Yes,No
54,30,70,92182,1,1.6,3,251,No,No,Yes,Yes,No
47,21,132,92120,1,0.3,1,0,No,No,Yes,No,No
46,22,125,94536,2,4.7,3,0,No,No,Yes,No,Yes
55,31,91,94110,2,2.8,1,0,No,No,Yes,No,No
48,23,191,95053,2,2.8,1,231,No,No,No,Yes,No
26,1,88,94025,2,1.8,2,0,No,No,No,No,No
57,31,175,90503,2,0.5,1,429,No,No,Yes,Yes,No
50,25,38,95503,1,1.4,3,0,No,No,Yes,No,No
54,27,120,92672,4,3,2,431,No,No,Yes,No,Yes
34,10,131,94024,2,4.33,1,156,No,No,Yes,Yes,No
31,6,133,95747,1,1.5,3,0,No,No,No,No,Yes
52,26,34,93023,1,0.3,3,0,No,No,Yes,No,No
39,13,39,92103,2,0.8,3,0,No,No,No,No,No
33,9,38,95814,1,1.33,1,115,No,No,No,No,No
54,28,33,94710,2,0.4,3,0,No,No,Yes,No,No
55,31,134,92130,2,0.3,1,0,No,No,No,No,No
29,3,53,95814,4,2.1,3,0,No,No,Yes,No,No
46,20,70,90405,4,2.9,1,0,No,No,No,Yes,No
31,4,39,94501,2,1,2,0,No,No,No,No,No
60,35,29,92126,3,1.3,2,0,No,No,No,No,No
29,4,150,91302,1,0.8,1,0,No,No,No,Yes,No
58,33,15,94583,4,0.9,2,0,No,No,No,No,No
38,12,58,94542,3,0.9,3,128,No,No,No,Yes,No
34,10,61,95006,3,2,1,0,No,No,No,Yes,No
52,27,65,92104,1,1.2,1,0,No,No,Yes,Yes,No
45,19,109,92037,3,1.1,1,0,No,No,No,No,No
48,22,174,95827,1,2.4,1,0,No,No,Yes,No,No
40,10,19,94609,1,0.75,3,116,No,No,No,No,No
60,35,55,92807,3,0.5,2,172,No,No,No,No,No
51,27,22,93106,4,0.5,2,0,No,No,Yes,Yes,No
41,16,155,95070,1,7,1,0,No,No,No,No,No
53,27,139,94998,1,0.9,3,0,No,No,No,No,Yes
57,33,80,92064,2,2.8,1,0,No,No,Yes,Yes,No
30,4,194,93407,2,4.5,1,0,No,No,No,Yes,No
30,6,30,90245,1,0.4,3,0,No,No,Yes,Yes,No
56,30,64,95123,3,0.3,2,0,No,No,No,Yes,No
63,38,15,94305,4,0.6,2,83,No,No,No,No,No
41,16,62,94553,2,2.2,3,0,No,No,Yes,Yes,No
28,4,33,91330,3,1,2,0,No,No,No,Yes,No
30,3,33,95112,4,1.5,2,85,No,No,No,No,No
45,18,45,92037,3,1,2,0,No,No,Yes,No,No
40,15,132,94131,2,3.9,1,0,No,No,Yes,No,No
62,38,65,91768,1,0,2,0,No,No,Yes,No,No
32,7,64,92630,2,0.1,1,0,No,No,Yes,Yes,No
58,32,73,94109,2,2.3,3,224,No,No,Yes,Yes,No
60,34,44,90018,2,0.3,1,192,No,No,Yes,No,No
34,8,79,95616,1,2.5,1,0,No,No,Yes,No,No
38,14,104,90025,2,1.8,2,79,No,No,No,No,No
37,11,61,95120,3,0.9,2,0,No,No,No,No,No
47,21,42,95841,4,0.1,1,0,No,No,Yes,Yes,No
51,25,45,92407,4,0.1,1,0,No,No,Yes,Yes,No
61,31,130,92333,2,2.6,3,0,No,No,No,No,Yes
43,18,9,96145,2,0,3,96,No,No,Yes,Yes,No
29,5,162,94022,1,4.3,1,0,No,No,No,Yes,No
32,6,93,90029,3,1.6,1,79,No,No,Yes,No,No
34,10,154,94583,3,5.4,2,0,No,No,Yes,No,Yes
58,34,149,95616,2,6,1,0,No,No,Yes,Yes,No
45,20,42,94703,1,0.3,3,0,No,No,Yes,No,No
53,27,81,91730,3,1.7,2,193,No,No,Yes,No,No
58,28,70,92028,1,1.4,3,0,No,No,No,No,No
41,16,79,95020,1,4,3,225,No,No,Yes,No,No
46,20,111,95307,2,6.3,1,0,No,No,No,Yes,No
51,25,93,90048,1,0.3,1,0,No,No,Yes,No,No
37,11,64,96094,3,0.9,2,0,No,No,Yes,No,No
59,33,41,91711,4,2.5,1,174,No,No,No,No,No
53,29,85,92691,3,1.8,2,0,No,No,Yes,No,No
52,26,104,94025,2,2.4,2,0,No,No,Yes,Yes,No
60,35,24,92612,1,0.1,1,0,No,No,No,No,No
33,7,22,94002,1,0.4,2,0,No,No,No,No,No
38,12,59,93401,2,2.4,2,0,No,No,No,No,No
35,9,164,94305,2,0,1,500,No,No,No,No,No
26,2,60,94111,4,1.6,1,0,No,Yes,Yes,Yes,No
48,24,43,91791,3,1.9,2,0,No,No,Yes,No,No
60,35,51,94143,2,2.8,1,0,No,No,Yes,No,No
27,3,59,94590,4,1.6,1,0,No,No,Yes,No,No
38,14,29,94402,4,0.4,2,0,No,No,Yes,No,No
38,13,65,91320,3,0.5,3,0,No,No,Yes,No,No
62,37,22,95818,1,1.5,2,111,No,No,Yes,No,No
59,33,43,94234,2,0.3,1,0,No,No,No,Yes,No
49,25,30,92093,4,0.6,1,0,No,No,No,No,No
43,17,45,95051,2,0.7,1,0,No,No,No,No,No
57,31,51,92093,4,1.7,2,103,No,No,Yes,No,No
53,27,93,94588,1,0.8,3,313,No,No,No,No,No
34,10,45,93943,1,1.33,1,0,No,No,No,No,No
36,12,64,94708,3,2.8,1,205,No,No,No,Yes,No
63,39,41,95449,2,1.1,1,0,No,No,No,No,No
37,13,58,95211,2,0.6,3,0,No,No,No,Yes,No
38,8,21,92037,1,0.67,3,0,No,No,Yes,No,No
31,5,78,94309,2,0.2,1,0,No,No,No,Yes,No
39,13,59,95616,3,0.5,3,0,No,No,No,No,No
36,11,184,91304,2,5.1,2,0,No,No,No,No,Yes
30,4,30,91770,3,1,1,0,No,No,Yes,No,No
31,1,74,92116,4,4,3,0,No,No,No,No,No
49,23,65,94720,2,0.4,3,232,No,No,No,Yes,No
29,5,124,92037,2,0.2,1,0,No,No,No,Yes,No
61,37,73,94550,3,2,3,285,No,No,No,No,No
45,19,8,92833,2,0.1,3,0,No,No,No,Yes,No
33,8,53,92126,3,2.3,1,76,No,No,Yes,No,No
63,39,131,92521,3,2.6,3,229,No,No,Yes,No,Yes
44,20,39,93108,2,2.1,3,119,No,No,No,No,No
28,3,118,91902,3,2.4,2,161,No,No,No,No,Yes
30,6,112,92093,3,2.5,1,0,No,No,Yes,No,No
40,14,78,91103,1,5.2,1,0,No,No,Yes,No,No
54,30,78,96001,3,1.8,2,0,No,No,No,No,No
44,19,30,91423,1,0.5,3,0,No,No,Yes,No,No
39,14,80,90502,2,0.4,1,0,No,No,No,No,No
59,35,174,92660,1,4.7,1,0,No,No,Yes,Yes,No
43,19,70,90095,3,2.33,1,0,No,No,Yes,No,No
30,4,34,95351,2,0.3,2,0,No,No,Yes,Yes,No
47,23,199,94720,2,6.67,1,0,No,No,Yes,No,No
49,24,25,95831,2,0.7,3,0,No,No,Yes,No,No
63,37,15,94720,2,0.4,1,0,No,No,No,No,No
59,35,108,90245,4,3.8,2,304,No,No,Yes,No,Yes
42,16,62,94309,1,0.7,3,170,No,Yes,Yes,Yes,No
40,16,75,94306,3,2.33,1,79,No,No,No,No,No
35,10,152,94112,2,3,1,0,No,No,Yes,No,No
66,41,14,95814,4,0.6,2,0,No,No,No,No,No
30,6,115,94611,4,3.8,2,0,No,No,Yes,No,Yes
54,28,83,95841,1,2.4,1,0,No,No,Yes,No,No
54,28,90,91301,1,0.3,1,0,No,No,Yes,No,No
32,7,82,95616,2,2.5,1,221,No,No,Yes,Yes,No
41,17,80,91330,1,0.3,1,0,No,No,No,No,No
62,36,109,92709,4,1.7,3,0,No,No,Yes,No,No
54,28,140,91711,1,2.9,1,0,No,No,Yes,No,No
37,11,44,93109,4,0.2,1,0,No,No,No,Yes,No
64,38,35,93955,1,0.5,3,0,No,No,Yes,No,No
29,5,84,93109,3,0.8,1,0,No,No,No,No,No
55,30,70,94904,3,2,2,0,No,No,Yes,Yes,No
65,40,140,92093,1,0.9,1,0,No,No,No,No,No
26,0,102,94305,4,2.3,3,0,No,No,No,No,No
35,9,188,92220,2,3.7,2,259,No,No,Yes,No,Yes
63,33,178,91768,4,9,3,0,No,No,No,No,Yes
30,6,69,94305,4,3.4,1,188,No,No,No,Yes,No
43,19,132,90089,1,5,1,0,No,No,No,No,No
39,14,128,93943,2,3.9,1,196,No,No,Yes,No,No
31,6,44,95616,4,0.8,1,122,No,No,Yes,No,No
65,39,44,92038,1,0.5,3,0,No,No,Yes,Yes,No
37,12,132,90089,2,3.9,1,0,No,No,No,No,No
33,9,83,93943,1,0.1,1,0,No,No,Yes,No,No
48,22,28,94720,1,1.4,3,75,No,No,Yes,No,No
56,31,35,95211,3,0.1,2,114,No,No,No,No,No
32,7,129,94720,4,5.2,2,0,No,No,No,Yes,Yes
26,1,54,94061,4,0.6,2,230,No,No,No,No,No
31,5,43,94720,1,1.5,1,0,No,No,No,No,No
57,32,84,93106,4,1.3,3,0,No,No,No,Yes,No
48,23,15,94061,4,0.8,1,0,No,No,Yes,No,No
46,21,99,90277,2,3.8,3,194,No,No,Yes,No,No
45,21,83,94105,4,2,3,0,No,No,Yes,No,No
31,6,64,92121,2,0.1,1,0,No,No,Yes,Yes,No
65,40,29,90025,1,1.5,2,0,No,No,No,No,No
60,34,64,94104,3,2.5,1,0,No,No,Yes,No,No
34,10,21,91770,4,0.7,2,0,No,No,Yes,No,No
56,30,64,93105,3,2.5,1,0,No,No,No,No,No
35,11,40,91784,1,2.4,2,0,No,No,Yes,No,No
29,4,41,93105,1,1,1,0,No,No,No,No,No
48,24,25,90024,4,0.5,2,0,No,No,No,No,No
32,2,69,93943,4,4,3,102,No,No,Yes,No,No
67,43,79,95616,4,1.7,2,215,No,Yes,Yes,Yes,No
65,40,63,94701,3,0.5,2,0,No,No,Yes,No,No
48,24,224,93940,2,6.67,1,0,No,Yes,Yes,Yes,No
56,31,64,90245,2,2.3,3,0,No,No,No,No,No
44,20,129,96001,2,3.3,1,0,No,No,Yes,No,No
60,34,43,92697,1,1.4,1,0,No,No,Yes,Yes,No
29,5,18,94122,1,0.4,3,94,No,No,Yes,Yes,No
61,35,60,90245,1,2.5,3,0,No,No,Yes,No,No
33,7,111,90245,2,1.3,1,0,No,No,Yes,No,No
52,26,44,94025,2,0.8,3,148,No,No,No,Yes,No
40,14,69,95348,1,1.5,3,0,No,No,No,No,No
45,20,62,92064,3,0.8,3,172,No,No,Yes,No,No
27,3,35,94080,1,1.8,2,0,No,No,No,No,No
38,13,91,92037,1,2.8,1,0,No,No,Yes,Yes,No
41,15,89,94608,3,0.1,1,292,No,No,Yes,No,No
61,37,122,94609,2,6,1,0,No,No,Yes,No,No
37,13,33,91773,4,0.4,2,0,No,No,No,No,No
53,27,170,95003,1,1,1,0,No,No,Yes,No,No
26,2,55,94305,3,0.7,2,0,No,No,Yes,No,No
35,11,68,94923,2,0,1,126,No,No,No,Yes,No
59,33,53,90034,3,2.5,1,0,No,No,Yes,No,No
39,15,123,91604,2,2.2,1,92,No,No,No,Yes,No
47,23,12,92110,4,0.2,1,102,No,No,No,Yes,No
57,33,79,94588,1,2.7,2,294,No,No,Yes,Yes,No
42,17,89,90095,1,0.1,2,170,No,No,Yes,No,No
61,36,188,91360,1,9.3,2,0,No,No,No,No,Yes
29,3,123,92821,3,5.6,3,428,No,No,Yes,No,Yes
32,8,119,94710,4,5,3,0,No,No,Yes,No,Yes
31,5,23,93407,1,0.4,2,0,No,No,Yes,Yes,No
38,14,62,94143,1,1.5,3,255,No,No,Yes,No,No
50,26,52,93555,4,0.1,3,0,No,No,No,No,No
32,7,134,93108,2,3.1,1,0,No,No,No,No,No
62,37,45,90033,3,0.5,2,200,No,No,Yes,Yes,No
40,15,75,95449,4,1.1,2,0,No,No,Yes,No,No
59,34,23,90009,4,0.4,2,78,No,No,No,No,No
48,22,145,95482,1,0.3,1,140,No,No,Yes,No,No
58,32,38,93106,3,2.2,3,0,No,No,Yes,No,No
33,7,84,95051,1,2.9,3,0,No,No,Yes,No,No
40,15,22,94306,1,0.6,3,0,No,No,Yes,No,No
28,3,78,93108,4,0.2,1,0,No,No,Yes,Yes,No
38,11,75,94305,3,2.33,2,0,No,No,Yes,No,No
65,40,71,95060,3,2.2,1,0,No,No,No,Yes,No
35,11,24,95616,1,0.5,3,0,No,No,Yes,Yes,No
29,5,112,94998,2,4.33,1,0,No,No,Yes,Yes,No
50,23,25,91330,1,0.5,2,0,No,No,Yes,No,No
24,0,119,94566,1,1.5,1,0,No,No,Yes,No,No
39,13,93,93555,4,3.6,3,0,No,No,Yes,No,Yes
62,36,19,95833,2,0.2,3,0,No,No,Yes,Yes,No
59,35,85,91330,1,3.4,3,0,No,Yes,No,Yes,Yes
57,32,59,95014,2,3.7,1,134,No,No,Yes,No,No
64,38,84,94571,1,2,1,0,No,No,No,No,No
42,18,88,92675,4,0.8,1,0,No,No,Yes,Yes,No
34,10,41,94102,1,1.33,1,0,No,No,No,Yes,No
61,35,81,94709,4,1.9,2,0,No,No,No,No,No
47,21,39,92612,3,0.6,2,0,No,No,Yes,Yes,No
65,39,22,92507,3,0.7,2,0,No,No,No,No,No
56,32,28,92130,1,1.2,3,0,No,No,Yes,No,No
42,18,189,91605,2,7.6,1,0,No,No,Yes,No,No
25,-1,139,93106,2,2,1,0,No,No,No,Yes,No
53,28,173,91614,4,2.7,1,427,No,No,Yes,No,Yes
26,0,42,92009,4,1.3,3,153,No,No,Yes,No,No
58,32,191,93943,4,5.2,3,194,No,No,No,Yes,Yes
35,5,81,94234,4,4,3,0,No,No,Yes,No,No
46,20,64,94117,4,2.9,1,189,No,No,No,No,No
58,32,44,92354,1,0.8,2,0,No,No,No,No,No
35,11,82,94022,2,1.7,2,0,No,No,Yes,Yes,No
46,21,13,93117,2,0.7,3,0,No,No,Yes,No,No
52,28,72,91335,1,0,1,178,No,No,No,No,No
57,31,38,94720,4,0.7,2,0,No,No,Yes,No,No
54,28,82,94122,4,2.6,3,294,No,No,No,No,No
43,19,54,94608,2,1.7,1,0,No,No,Yes,No,No
35,11,90,94720,2,0,1,0,No,No,No,No,No
39,15,65,92037,1,1.5,3,0,No,No,No,No,No
38,14,43,95053,2,1.7,1,0,No,No,Yes,No,No
44,19,68,94305,1,3.7,3,0,No,No,Yes,No,No
51,27,19,92120,1,0.2,1,0,No,No,No,No,No
60,35,23,94608,1,0.3,3,0,No,No,Yes,No,No
27,0,40,90068,1,2,2,110,No,No,No,Yes,No
60,35,155,92521,1,1.5,3,0,No,No,No,Yes,Yes
52,28,179,94583,4,4.2,3,0,No,No,No,No,Yes
29,-1,71,94801,2,1.75,3,0,No,No,No,No,No
49,24,138,93111,2,2.2,2,0,No,No,Yes,No,Yes
38,14,49,90740,3,2.8,1,0,No,No,No,No,No
60,34,92,95670,2,2,1,0,No,No,No,No,No
27,3,75,90032,4,0,1,0,No,No,No,No,No
61,35,60,92831,1,2.8,2,0,No,No,Yes,Yes,No
41,16,81,94305,2,0.4,1,146,No,No,Yes,Yes,No
38,14,25,95616,4,1,1,0,No,No,No,No,No
47,22,81,94123,1,2.9,1,0,No,No,No,Yes,No
27,0,30,93107,4,1,3,0,No,No,Yes,Yes,No
34,9,65,95014,3,0.7,2,104,No,No,Yes,No,No
28,2,41,93118,3,1.1,2,161,No,No,Yes,No,No
52,28,52,92126,4,0.1,3,121,No,No,No,No,No
45,20,84,94131,4,1.1,2,180,No,No,Yes,No,No
24,-2,135,90065,2,7.2,1,0,No,No,Yes,No,No
40,16,34,93561,1,0.7,1,0,No,No,Yes,Yes,No
49,23,23,94080,1,1.4,3,0,No,No,No,No,No
50,24,40,93460,4,2.6,1,89,No,No,Yes,No,No
53,29,141,90064,2,0.2,3,0,No,No,No,No,Yes
56,30,75,91910,1,1.9,2,125,No,No,Yes,No,No
48,23,23,94534,4,0.4,2,122,No,No,No,No,No
61,36,133,90266,1,2.6,1,0,No,No,Yes,No,No
41,17,129,94720,1,3.4,1,0,No,No,No,Yes,No
35,11,85,92154,4,0.1,2,131,No,No,No,No,No
43,19,83,92691,4,2,3,0,No,No,Yes,No,No
57,32,70,90024,3,1.6,3,0,No,No,No,No,No
55,31,20,94720,2,0.3,1,0,No,No,Yes,No,No
47,23,138,91367,2,3.3,1,0,No,No,Yes,Yes,No
41,15,53,93106,1,0.7,3,0,No,No,Yes,No,No
46,20,72,92009,2,1.7,2,75,No,No,Yes,No,No
44,18,123,95841,3,5.9,1,0,No,Yes,Yes,Yes,Yes
50,26,148,94608,2,6.8,1,0,No,No,Yes,No,No
51,25,163,94305,2,1.3,3,0,No,No,Yes,No,Yes
55,30,28,90291,4,0.1,3,149,No,No,Yes,Yes,No
45,20,70,94305,4,1.9,3,0,No,No,Yes,Yes,No
32,8,61,94703,3,2.6,2,0,No,No,No,No,No
61,37,41,94704,1,0.8,1,0,No,No,Yes,Yes,No
48,24,144,94025,4,3.5,2,0,No,No,No,No,Yes
60,34,139,95020,4,0.4,1,0,No,No,Yes,No,Yes
41,17,143,90059,2,2.7,3,209,No,No,Yes,No,Yes
58,31,49,94521,4,2.5,2,0,No,No,Yes,No,No
35,9,43,93943,2,0.3,1,0,No,No,Yes,No,No
40,14,59,91335,3,0.5,3,0,No,No,Yes,No,No
42,17,154,93955,3,4.9,1,0,No,Yes,Yes,Yes,Yes
59,35,88,91311,2,1.6,1,278,No,No,No,No,No
51,25,99,90277,2,2.4,2,0,No,No,No,No,No
33,9,10,90005,4,1,1,81,No,No,No,Yes,No
30,4,45,90041,4,1.3,3,0,No,No,No,No,No
50,26,21,91768,1,0.2,1,89,No,No,Yes,No,No
63,37,31,95819,1,0.5,3,0,No,No,Yes,No,No
43,19,52,95054,4,2.2,2,0,No,No,No,No,No
49,25,13,95814,1,0.9,3,0,No,No,Yes,No,No
61,36,50,96003,4,1.7,1,189,No,No,Yes,No,No
40,16,61,91711,3,2.1,3,0,No,No,No,No,No
61,36,139,95133,2,3.9,1,0,No,No,No,No,No
35,9,21,91125,2,1.4,3,125,No,No,Yes,No,No
49,25,39,91125,3,1.9,2,0,No,No,No,No,No
64,40,21,94028,2,0.3,3,0,No,No,No,No,No
60,35,173,90059,3,3.1,3,0,No,No,Yes,No,Yes
52,27,43,94005,4,0.2,2,0,No,No,No,Yes,No
58,34,30,90066,3,0.4,2,0,No,No,No,No,No
53,26,8,94709,1,0.5,2,0,No,No,No,Yes,No
43,18,204,91902,2,8.8,1,0,No,No,Yes,No,No
62,36,115,92093,2,2.8,1,202,No,No,Yes,Yes,No
32,7,134,95929,2,3.3,1,0,No,No,Yes,No,No
50,24,91,93555,1,0.8,3,0,No,No,Yes,No,No
27,1,91,92173,2,0.2,1,0,No,No,Yes,No,No
43,19,161,92093,2,7.6,1,464,No,No,Yes,No,No
60,35,24,94920,1,1.5,2,0,No,No,No,No,No
37,12,63,91942,4,2.1,3,0,No,No,Yes,No,No
52,28,54,90041,4,0.1,3,0,No,No,No,Yes,No
54,29,81,91107,1,0.1,3,0,No,No,No,No,No
51,27,68,91711,1,1.6,3,0,No,No,Yes,No,No
59,35,78,90095,2,2.8,1,0,No,No,Yes,No,No
41,17,165,91311,2,7.6,1,157,No,No,No,No,No
52,26,155,92660,3,7.2,2,0,No,No,Yes,No,Yes
52,26,158,94920,2,3.7,3,251,No,No,No,Yes,Yes
42,16,11,94015,1,0.2,1,87,No,No,No,Yes,No
49,23,108,95616,2,2.4,2,0,No,No,Yes,No,No
47,23,12,92518,4,0.5,2,0,No,No,No,No,No
45,19,19,93117,3,1.5,1,94,No,No,Yes,Yes,No
56,31,51,92028,3,1.7,1,0,No,No,Yes,Yes,No
28,1,34,94949,4,1.5,2,162,No,No,No,Yes,No
53,29,20,93955,1,0.2,1,131,No,No,Yes,Yes,No
54,28,42,95207,4,2.5,1,0,No,No,Yes,Yes,No
42,17,28,94010,1,0.6,3,0,No,No,No,Yes,No
63,37,191,94131,2,4.3,3,205,No,No,No,No,Yes
35,9,84,94709,4,2.2,2,0,No,No,Yes,No,No
30,5,73,90065,1,2.6,2,133,No,No,Yes,No,No
49,24,130,92677,4,1.1,1,281,No,Yes,Yes,No,Yes
52,27,85,92037,3,3.4,3,0,No,No,No,No,Yes
35,11,41,92123,3,2,1,0,No,No,Yes,No,No
45,19,128,94928,4,6,3,0,No,No,Yes,No,Yes
65,41,170,94143,4,6.1,2,0,No,Yes,Yes,Yes,Yes
52,28,79,94596,1,2.7,2,0,No,No,Yes,Yes,No
35,9,79,94305,4,2.2,2,0,No,No,No,No,No
58,33,60,92672,4,1.3,3,0,No,No,Yes,No,No
49,23,75,92374,1,1.5,2,0,No,No,No,Yes,No
27,0,34,92717,1,2,2,112,No,No,No,Yes,No
30,4,102,91775,4,2.1,3,139,No,No,No,Yes,No
35,11,38,95518,1,1.7,1,0,No,No,No,Yes,No
28,3,53,94305,2,1.6,3,0,No,No,No,No,No
53,28,181,95051,1,8.1,1,0,No,No,Yes,No,No
59,33,99,92093,2,2.7,1,0,No,No,No,No,No
64,39,101,95134,4,3.4,2,0,No,No,No,Yes,No
40,16,59,94305,4,2.67,1,0,No,No,Yes,No,No
40,16,140,93940,3,5.6,1,0,No,No,No,No,Yes
40,10,29,94720,1,0.75,3,0,No,No,Yes,No,No
35,11,75,92672,4,2,3,79,No,No,No,No,No
67,43,41,90024,2,1.1,1,0,No,No,No,No,No
26,2,85,95020,2,2.5,1,0,No,No,No,No,No
27,3,18,93524,1,0.4,3,0,No,No,No,No,No
33,8,39,94542,4,0.8,1,0,No,No,Yes,No,No
28,4,85,94709,3,2.5,1,0,No,No,Yes,No,No
45,20,61,92717,3,2.7,2,0,No,No,No,Yes,No
56,32,23,94610,1,1.2,3,127,No,No,Yes,Yes,No
37,12,72,91380,4,0.7,3,0,No,No,No,No,No
47,21,123,90840,1,7.3,1,0,No,No,No,No,No
52,26,62,95134,4,2.8,2,0,No,No,Yes,No,No
52,27,81,92634,4,3.8,2,0,No,No,No,No,No
24,0,59,95521,4,1.6,1,0,No,No,No,No,No
66,41,25,94720,4,0.6,2,0,No,No,Yes,Yes,No
30,5,14,95014,4,0.5,3,0,No,No,Yes,No,No
48,23,21,94904,1,0.1,1,0,No,No,No,No,No
61,35,83,91320,2,1.7,3,245,No,No,Yes,No,No
37,13,71,90755,2,1.7,2,0,No,No,Yes,Yes,No
64,40,181,93403,2,2.3,2,0,No,Yes,Yes,Yes,Yes
43,19,75,91765,4,0.2,3,102,No,No,Yes,No,No
23,-2,75,90291,2,1.8,2,0,No,No,Yes,Yes,No
29,2,31,91775,4,1.5,2,0,No,No,No,Yes,No
54,28,92,92374,2,1.1,1,0,No,No,Yes,No,No
42,17,85,93065,1,3.7,3,272,No,No,No,No,No
35,10,54,93943,1,2.5,3,0,No,No,No,Yes,No
26,0,164,95973,2,4,3,301,No,No,Yes,No,Yes
31,7,18,91711,1,0.4,3,0,No,No,No,No,No
63,38,63,92507,2,1.5,1,0,No,No,Yes,No,No
43,19,75,90041,3,0.3,3,0,No,No,No,No,No
48,23,62,91367,4,3.6,3,83,No,No,No,Yes,No
38,14,48,90034,1,1.8,1,169,No,No,No,No,No
49,25,135,90064,2,1.4,1,82,No,No,Yes,Yes,No
30,6,44,95211,1,0.2,3,0,No,No,No,Yes,No
37,11,11,94112,3,0.1,2,0,No,No,No,No,No
29,3,35,94040,2,0.3,1,88,No,Yes,Yes,Yes,No
39,13,69,94123,3,0.1,1,0,No,No,No,No,No
60,35,29,93943,3,0.2,1,79,No,No,Yes,Yes,No
39,15,54,94108,4,2.2,2,0,No,No,No,Yes,No
34,10,60,90071,3,2.8,1,0,No,Yes,Yes,Yes,No
67,42,51,94117,3,2.2,1,0,No,No,Yes,Yes,No
66,41,73,95817,3,2.4,1,0,No,No,No,No,No
58,32,40,95833,2,0.3,1,0,No,No,No,No,No
25,-2,35,95045,4,1,3,0,No,No,Yes,No,No
40,14,28,90404,2,0.8,3,0,No,No,No,No,No
30,4,50,91030,1,1.5,1,0,No,No,No,No,No
39,13,21,95518,3,0.2,2,0,No,No,Yes,No,No
52,28,74,96064,1,2.6,2,0,No,No,Yes,Yes,No
29,4,182,95354,1,3.7,3,0,No,No,Yes,No,Yes
51,25,45,95616,4,2.6,1,0,No,No,No,No,No
50,26,24,94305,4,0.5,2,0,No,No,No,Yes,No
57,32,80,92647,2,0,3,0,No,No,No,No,No
55,30,53,94550,3,1.7,1,0,No,No,Yes,No,No
24,-3,41,91768,4,1,3,0,No,No,Yes,No,No
45,18,50,91902,3,2.5,2,0,No,No,Yes,No,No
32,7,41,94706,4,2,2,0,No,No,No,No,No
56,31,25,95123,3,0.1,2,0,No,No,No,No,No
48,24,79,94542,3,0.7,1,0,No,No,Yes,Yes,No
48,23,48,94086,1,0.3,1,0,No,No,No,No,No
33,9,19,95370,2,1,2,92,No,No,Yes,No,No
31,7,35,94025,1,1.33,1,131,No,No,No,Yes,No
48,22,133,90073,2,3.1,2,0,No,No,Yes,No,Yes
59,34,19,95762,2,0.5,2,0,No,No,Yes,No,No
62,37,38,92354,3,0.5,2,0,No,No,No,No,No
56,32,64,90210,4,1.5,1,0,No,No,Yes,No,No
62,38,124,95023,1,3.8,1,405,No,No,Yes,No,No
50,25,32,94304,2,0.7,2,0,No,No,Yes,No,No
58,33,73,93109,4,0.7,1,241,No,No,No,No,No
53,29,41,94080,2,0.8,1,0,No,No,Yes,No,No
27,0,28,91330,4,1.5,2,0,No,No,Yes,No,No
50,23,64,92037,1,2.67,2,0,No,No,No,No,No
50,25,44,92093,2,0.7,2,192,No,No,Yes,No,No
43,19,71,95054,3,0.3,3,179,No,No,No,No,No
43,18,13,94709,2,0.1,2,0,No,Yes,Yes,Yes,No
59,33,59,91365,3,1.4,3,0,No,No,No,No,No
65,40,64,94928,2,1.5,1,0,No,No,No,Yes,No
58,32,28,90095,2,0.3,1,148,No,No,No,No,No
24,0,131,92831,1,5.4,1,0,No,No,Yes,No,No
32,6,99,91902,2,4.5,3,249,No,No,Yes,No,No
58,28,95,94304,1,3,3,0,No,No,No,No,No
32,7,81,95112,4,1.8,3,0,No,No,Yes,No,No
46,20,73,95616,2,0.8,3,264,No,Yes,Yes,Yes,No
35,11,193,91765,2,6.5,1,0,No,No,No,Yes,No
53,27,115,90095,2,0.5,3,0,No,No,No,No,Yes
63,37,80,90401,2,1.7,3,0,No,No,Yes,Yes,No
45,20,90,94143,4,1.1,2,0,No,No,Yes,Yes,No
52,26,83,92521,1,3.1,1,0,No,No,Yes,No,Yes
37,11,59,94720,4,0.2,3,0,No,No,No,No,No
31,7,13,93727,1,0.5,3,0,No,No,Yes,No,No
51,26,21,94143,4,0.8,1,0,No,No,Yes,No,No
49,25,149,90024,2,0.4,1,0,No,No,Yes,No,No
54,24,75,93555,1,1.4,3,0,No,No,No,No,No
37,12,179,91768,1,8.6,1,0,No,No,Yes,No,No
44,20,199,94607,2,6.67,1,0,No,No,Yes,No,No
50,23,18,93117,1,0.5,2,0,No,No,Yes,Yes,No
54,28,80,95006,4,2.6,3,143,No,No,No,No,No
37,13,79,91330,1,3.6,2,104,No,No,Yes,No,No
34,7,52,93940,2,1,2,0,No,No,Yes,No,No
63,38,52,91361,4,1.7,1,218,No,No,Yes,Yes,No
37,12,84,93943,4,0.7,3,0,No,No,Yes,No,No
66,41,114,92521,1,0.8,3,0,No,No,Yes,Yes,No
35,9,29,95354,3,0.9,1,126,No,No,Yes,No,No
50,25,45,90813,2,0.6,3,0,No,No,No,No,No
32,8,142,90095,4,6.2,2,120,No,Yes,Yes,Yes,Yes
31,5,50,93106,1,1.5,1,0,No,No,Yes,No,No
44,19,85,92054,4,1.9,3,0,No,No,Yes,Yes,No
51,25,33,92866,3,0.9,3,0,No,No,Yes,Yes,No
36,11,31,94022,4,1.7,1,124,No,No,Yes,Yes,No
33,7,35,95616,4,0.8,1,0,No,No,Yes,No,No
38,13,119,94545,2,3.3,1,0,No,No,No,No,No
38,12,184,91311,3,8,1,0,No,No,Yes,No,Yes
44,17,69,90095,3,2.67,2,0,No,No,No,No,No
36,11,69,95929,4,2.1,3,0,No,No,Yes,Yes,No
56,31,59,94303,2,1.9,2,0,No,No,Yes,No,No
28,3,115,92407,1,1.9,1,200,No,No,Yes,No,No
62,37,83,93657,4,0.1,2,0,No,No,No,No,No
40,16,65,90095,2,3.2,1,0,No,No,Yes,No,No
34,9,72,94555,3,2.3,1,124,No,No,No,No,No
52,26,180,95831,1,1.7,1,550,No,No,Yes,No,No
50,23,18,95503,2,1,2,88,No,No,Yes,Yes,No
25,0,38,93407,2,1.6,3,0,No,No,No,No,No
33,7,115,93305,1,2.7,2,283,No,No,Yes,No,No
26,0,161,94551,2,7.2,1,0,No,No,No,No,No
46,21,154,90245,2,2.8,1,94,No,No,No,No,No
27,3,68,95503,4,0,1,0,No,No,No,Yes,No
59,34,103,91360,1,2.6,1,0,No,No,Yes,No,No
63,39,41,91355,4,1.3,2,0,No,No,Yes,No,No
58,34,48,93460,4,1.3,2,0,No,No,Yes,Yes,No
29,3,69,92093,4,1.8,2,0,No,No,Yes,Yes,No
51,27,43,95053,4,1.1,2,164,No,No,Yes,Yes,No
59,34,19,92192,1,0.3,3,0,No,No,Yes,No,No
52,28,20,95616,1,0.3,1,0,No,No,No,No,No
39,13,25,94132,2,0.8,3,0,No,No,No,No,No
45,19,70,95605,1,2.8,1,0,No,No,No,Yes,No
61,36,61,91320,2,2.8,1,153,No,No,No,Yes,No
31,7,170,95006,1,6,1,0,No,No,Yes,No,No
42,16,49,90034,1,2.8,1,0,No,No,No,No,No
57,27,62,94025,3,2,3,0,No,No,Yes,No,No
54,28,102,91360,3,1.7,2,0,No,No,Yes,No,No
62,37,10,92606,3,0.5,1,0,No,No,Yes,No,No
65,40,59,94022,3,2.4,1,0,No,No,No,No,No
65,39,35,92009,1,0.5,3,150,No,No,Yes,No,No
29,5,121,95449,1,1.5,1,0,No,No,Yes,No,No
32,8,140,94102,4,6.6,3,0,No,Yes,No,Yes,Yes
40,16,63,92807,1,1.5,3,0,No,No,No,No,No
41,17,58,92009,4,2.67,1,0,No,No,Yes,Yes,No
37,11,29,91711,2,1.4,3,0,No,No,Yes,Yes,No
51,25,65,94143,3,0.7,2,0,No,No,No,No,No
56,32,44,94575,3,1.5,1,153,No,No,Yes,No,No
58,33,25,92121,4,0.9,2,90,No,No,Yes,Yes,No
31,7,18,95616,1,0.4,3,0,No,No,Yes,No,No
31,5,21,94115,3,1,1,0,No,No,Yes,No,No
66,41,38,95134,1,1.1,3,0,No,No,No,Yes,No
39,14,178,92123,1,4.1,1,207,No,No,Yes,No,No
57,33,93,94025,2,1.6,1,161,No,No,No,No,No
46,21,40,90045,1,0.3,1,116,No,No,No,No,No
66,41,80,92093,4,0.1,2,0,No,No,Yes,No,No
50,25,18,95819,2,0,1,0,No,No,No,Yes,No
41,15,54,91775,3,2.1,1,0,No,No,Yes,No,No
38,14,39,93118,1,2,2,0,No,No,Yes,No,No
26,2,20,95064,4,1,1,116,No,No,No,No,No
39,14,20,90747,1,0.6,3,0,No,No,Yes,No,No
43,19,32,94720,4,0.3,1,0,No,No,No,No,No
36,10,39,92009,1,2,1,153,No,No,No,No,No
59,35,43,91791,4,0.4,1,0,No,No,No,Yes,No
36,10,28,90840,4,1,1,130,No,No,Yes,No,No
45,21,59,94703,2,2.5,1,155,No,No,Yes,No,No
44,20,62,91604,3,0.3,3,0,No,No,No,Yes,No
30,6,160,90630,1,4.3,1,249,No,No,Yes,No,No
62,37,39,93117,3,1.5,1,0,No,No,Yes,No,No
43,19,32,94501,3,0.6,2,0,No,No,No,No,No
60,34,41,90064,3,2.2,3,0,No,No,No,Yes,No
32,6,41,95833,3,0.9,1,179,No,No,No,No,No
60,36,149,92007,1,4.7,1,0,No,No,Yes,No,No
49,24,109,92647,1,0.6,1,0,No,No,No,No,No
65,39,25,95370,2,0.4,1,113,No,No,Yes,No,No
56,30,44,91330,4,2.5,1,0,No,No,No,Yes,No
49,23,174,95449,3,4.6,2,590,No,No,No,No,Yes
31,6,81,90840,2,2.5,1,313,No,No,No,No,No
35,10,135,94596,3,4.8,2,0,No,No,Yes,No,Yes
37,11,65,94143,2,2.4,2,260,No,No,Yes,No,No
58,32,145,94920,2,0.5,1,119,No,No,Yes,No,No
44,20,105,91730,1,4.7,1,0,No,No,No,Yes,No
50,24,133,90025,4,1.4,2,342,No,No,No,Yes,Yes
41,17,71,94801,2,3.2,1,0,No,No,Yes,Yes,No
46,22,53,95616,4,1.9,1,187,No,No,No,No,No
53,29,53,92648,4,0.1,3,0,No,No,No,No,No
40,15,43,90095,4,1.7,1,98,No,No,No,No,No
51,26,64,94005,4,1.8,3,0,No,No,No,No,No
61,35,51,93555,3,1.4,3,0,No,No,Yes,No,No
45,20,201,92120,2,2.8,1,0,No,No,Yes,Yes,No
40,15,81,94304,2,0.4,1,0,No,No,Yes,No,No
40,15,18,94534,2,0.1,2,119,No,No,Yes,Yes,No
54,28,49,94608,1,2.2,3,128,No,No,No,No,No
48,22,120,90291,1,0,1,0,No,No,Yes,No,No
30,4,110,93943,1,2.9,3,0,No,No,Yes,No,No
65,39,94,92374,1,2,1,0,No,No,No,Yes,No
41,16,68,92122,3,3,1,0,No,No,Yes,Yes,No
37,11,42,95814,3,0.5,3,0,No,No,Yes,Yes,No
31,5,28,90717,1,0.3,1,0,No,No,Yes,Yes,No
40,15,73,92029,3,3,1,0,No,No,Yes,Yes,No
36,12,89,91304,2,2.7,1,0,No,No,No,No,No
57,33,28,90245,1,1.2,3,98,No,No,Yes,No,No
47,23,94,92029,1,4.7,1,0,No,No,Yes,Yes,No
26,0,85,93950,2,1.6,3,0,No,No,Yes,Yes,No
59,33,81,94022,2,1.4,1,0,No,No,Yes,No,No
54,29,70,92093,3,2,2,116,No,No,Yes,Yes,No
46,22,19,92870,3,0.5,1,0,No,No,Yes,No,No
28,4,112,90049,2,1.6,2,0,No,No,Yes,No,Yes
47,23,19,90089,1,1,1,0,No,No,No,Yes,No
45,19,22,94904,3,1.5,1,0,No,No,Yes,Yes,No
63,37,39,91207,2,0.7,3,0,No,No,Yes,Yes,No
29,-1,50,95842,2,1.75,3,0,No,No,No,Yes,No
50,26,19,90095,1,0.9,3,0,No,No,No,No,No
58,28,81,91604,1,3,3,0,No,No,Yes,No,No
39,14,108,91401,3,1.2,3,0,No,No,Yes,Yes,No
53,27,110,90245,1,4.9,1,0,No,No,Yes,No,No
29,5,33,94709,1,1.8,2,78,No,No,Yes,No,No
41,17,34,91361,1,0.7,1,143,No,No,No,No,No
41,16,69,92697,1,0.1,2,0,No,No,Yes,No,No
59,33,64,92867,4,1.7,2,0,No,No,No,Yes,No
38,11,29,95207,4,1,2,0,No,No,Yes,No,No
29,5,31,95039,1,1.8,2,0,No,No,Yes,Yes,No
51,26,72,95370,1,2.9,1,0,No,No,No,No,No
48,23,30,94720,3,1.7,2,162,No,No,Yes,No,No
51,25,92,91330,1,1.9,2,100,No,No,No,Yes,No
29,3,40,92697,1,1.9,3,0,No,No,Yes,No,No
63,39,24,93023,2,0.3,3,0,No,No,No,No,No
28,4,83,92612,3,0.8,1,0,No,No,Yes,Yes,No
45,19,34,90089,3,1.5,1,0,Yes,No,No,No,No
44,18,43,91320,2,0.7,1,163,Yes,No,No,No,No
42,18,141,94114,3,5,3,0,Yes,Yes,Yes,No,Yes
57,32,84,92672,3,1.6,3,0,Yes,No,No,No,No
37,12,194,91380,4,0.2,3,211,Yes,Yes,Yes,Yes,Yes
49,24,39,90404,3,1.7,2,0,Yes,No,Yes,No,No
47,21,125,93407,1,5.7,1,112,Yes,No,No,No,No
53,23,45,95123,4,2,3,132,Yes,No,No,No,No
59,34,42,94928,3,1.5,1,0,Yes,Yes,No,Yes,No
53,27,92,95120,2,1.1,1,0,Yes,No,No,No,No
47,22,53,92677,4,1.9,3,98,Yes,Yes,No,Yes,No
53,29,120,92626,4,2.7,2,111,Yes,Yes,Yes,No,Yes
49,24,50,94706,4,1.8,3,0,Yes,No,No,No,No
44,19,172,94306,2,4.3,3,391,Yes,Yes,Yes,No,Yes
62,38,91,95929,1,3.8,1,0,Yes,No,Yes,No,No
39,14,113,94301,1,1,3,0,Yes,No,Yes,No,No
52,27,43,93555,1,1.3,2,0,Yes,No,Yes,No,No
42,18,34,92115,4,0.3,1,104,Yes,No,Yes,No,No
32,6,50,90401,4,2.1,3,0,Yes,Yes,Yes,Yes,No
27,2,68,94025,3,2.6,3,203,Yes,No,No,No,No
30,5,38,95064,4,2,2,0,Yes,No,No,No,No
44,20,79,95051,4,2,3,0,Yes,Yes,Yes,Yes,No
60,35,108,94904,1,0.9,1,0,Yes,No,No,No,No
63,39,72,93106,3,2,3,190,Yes,No,Yes,No,No
65,41,105,92612,1,3,2,282,Yes,Yes,Yes,No,Yes
62,37,83,91754,3,1.8,2,187,Yes,No,No,No,No
61,37,40,94539,4,2.2,1,0,Yes,Yes,Yes,Yes,No
57,32,21,94112,3,0.1,2,0,Yes,Yes,Yes,No,No
52,28,81,91745,3,1.8,2,0,Yes,No,No,No,No
33,6,78,90250,4,2,2,119,Yes,No,Yes,No,No
42,18,71,91614,3,2.33,1,106,Yes,No,Yes,No,No
44,20,160,94606,2,7.6,1,0,Yes,No,No,No,No
39,15,72,94801,4,2.4,1,0,Yes,No,Yes,No,No
57,33,121,94542,1,4.3,1,0,Yes,No,No,No,No
33,8,58,94305,2,0.1,1,0,Yes,Yes,Yes,Yes,No
41,16,23,94521,2,1.4,2,0,Yes,No,Yes,No,No
60,30,28,92354,1,1.5,3,124,Yes,No,Yes,No,No
40,15,161,94596,2,3.3,1,0,Yes,No,No,Yes,No
57,32,34,92507,2,2,2,0,Yes,No,No,No,No
32,6,38,92868,1,0.3,1,0,Yes,Yes,Yes,No,No
55,30,32,91330,4,0.1,3,0,Yes,No,No,No,No
51,27,112,94720,3,1.8,2,0,Yes,Yes,Yes,Yes,No
54,30,24,94109,4,0.2,1,0,Yes,No,No,No,No
38,12,138,95112,2,0,1,0,Yes,No,Yes,No,No
27,3,98,95616,2,2.5,1,361,Yes,Yes,Yes,Yes,No
30,5,69,94720,1,0.8,2,0,Yes,No,Yes,No,No
35,11,40,93106,1,2.4,2,0,Yes,No,Yes,No,No
34,9,105,90035,3,1.2,3,0,Yes,No,No,No,No
28,3,65,95014,3,2.6,3,0,Yes,No,No,No,No
25,1,70,92120,4,2.6,1,0,Yes,No,Yes,No,No
34,9,55,94920,3,2.3,1,0,Yes,Yes,Yes,Yes,No
57,33,9,93106,1,0.1,2,91,Yes,No,Yes,No,No
51,26,134,90230,4,4.5,3,0,Yes,Yes,Yes,No,Yes
30,6,83,93101,4,3.4,1,0,Yes,No,Yes,No,No
41,17,94,90071,3,3.8,2,327,Yes,Yes,Yes,No,Yes
36,11,98,90291,3,1.2,3,0,Yes,No,No,Yes,No
39,15,168,93117,2,8,1,152,Yes,No,No,No,No
50,25,84,91107,1,1.3,3,0,Yes,No,Yes,No,No
64,38,39,92120,1,0.5,3,0,Yes,Yes,Yes,Yes,No
50,23,23,94720,2,1,2,0,Yes,No,No,No,No
58,34,44,94111,4,2.2,1,0,Yes,No,No,No,No
59,33,68,94105,2,2.3,3,128,Yes,No,Yes,No,No
60,33,154,90740,1,3,2,0,Yes,Yes,Yes,No,Yes
55,30,40,94126,2,2.3,3,0,Yes,No,Yes,No,No
34,8,11,91320,4,0.3,1,0,Yes,Yes,Yes,Yes,No
55,29,131,92675,2,2.7,1,0,Yes,No,No,No,No
56,26,38,94305,3,1,3,110,Yes,No,Yes,No,No
66,41,105,93023,1,0.8,3,0,Yes,Yes,Yes,Yes,No
61,36,153,91105,1,2.6,2,0,Yes,Yes,No,Yes,Yes
56,32,89,92096,4,1,2,90,Yes,No,Yes,No,No
63,37,20,90066,1,0.8,2,0,Yes,No,No,Yes,No
62,38,39,96003,4,2.2,1,0,Yes,No,Yes,No,No
26,2,72,92647,4,2.6,1,0,Yes,Yes,Yes,No,No
33,7,83,95211,1,2.5,1,0,Yes,Yes,Yes,Yes,No
57,33,45,94080,3,1.5,1,181,Yes,Yes,Yes,Yes,No
32,7,54,96008,4,1.3,1,0,Yes,No,Yes,No,No
48,23,112,93014,1,5.1,2,86,Yes,Yes,Yes,No,Yes
27,3,112,90066,3,2.5,1,389,Yes,No,Yes,No,No
56,30,59,95833,3,0.8,1,159,Yes,No,Yes,No,No
56,30,111,93106,4,0.3,1,372,Yes,Yes,Yes,No,Yes
49,24,13,94608,1,0.4,3,101,Yes,No,No,No,No
43,19,201,94305,2,6.67,1,0,Yes,No,Yes,No,No
42,16,191,94304,3,4.8,2,0,Yes,Yes,Yes,No,Yes
42,15,14,92064,3,1,2,0,Yes,No,No,No,No
43,17,44,94611,1,0.2,1,0,Yes,Yes,Yes,No,No
39,9,29,94701,3,2,3,151,Yes,No,No,No,No
56,32,85,94132,3,2.67,1,0,Yes,No,Yes,No,No
45,15,28,95039,1,0.75,3,0,Yes,No,No,No,No
36,11,40,93611,2,1.1,2,166,Yes,No,No,No,No
62,38,54,91320,1,0.8,1,0,Yes,No,No,Yes,No
27,3,104,92007,2,2.5,1,184,Yes,No,Yes,No,No
53,28,74,91711,3,2,2,0,Yes,No,No,No,No
55,29,42,95833,4,2.5,1,0,Yes,No,No,No,No
31,5,129,95814,3,5.9,3,319,Yes,Yes,No,Yes,Yes
51,25,70,90095,1,0.8,3,0,Yes,No,Yes,No,No
55,30,69,91007,4,1.3,3,0,Yes,Yes,Yes,Yes,No
30,5,61,95605,1,0.8,2,251,Yes,Yes,Yes,No,No
40,16,83,92350,1,0.8,2,230,Yes,No,Yes,No,No
44,18,68,93943,4,2.9,1,0,Yes,No,No,No,No
46,21,30,92697,1,1.4,3,112,Yes,No,No,No,No
50,25,9,91911,2,0,1,0,Yes,No,No,No,No
31,5,180,94720,1,2.9,3,144,Yes,No,No,No,Yes
42,18,120,93407,2,7.5,1,0,Yes,No,No,No,No
42,17,111,94304,3,3,1,0,Yes,Yes,No,Yes,Yes
50,26,42,91784,2,1,3,78,Yes,No,Yes,No,No
39,14,74,93063,1,0.1,2,144,Yes,No,Yes,No,No
30,5,98,92028,4,1.8,3,129,Yes,Yes,Yes,Yes,No
59,33,68,95064,2,2.3,3,0,Yes,No,No,No,No
56,30,43,90401,2,0.3,1,0,Yes,No,No,No,No
62,36,35,94501,2,0.7,3,0,Yes,No,No,Yes,No
34,9,31,92521,4,1.1,3,85,Yes,Yes,Yes,Yes,No
57,33,122,94301,2,6,1,153,Yes,Yes,Yes,Yes,No
52,22,154,90650,1,5,3,0,Yes,Yes,Yes,No,Yes
40,16,12,90033,1,1,1,91,Yes,No,No,No,No
43,17,91,95134,1,5.2,1,0,Yes,No,No,No,No
35,8,44,94590,2,1.67,2,0,Yes,No,No,Yes,No
54,30,121,95039,2,1.1,3,0,Yes,No,No,No,Yes
55,30,153,94305,2,2.8,2,0,Yes,Yes,Yes,No,Yes
44,18,68,92673,4,2.9,1,0,Yes,No,No,Yes,No
57,33,149,95060,1,4.7,1,0,Yes,No,No,No,No
42,18,45,95616,1,0.7,1,0,Yes,No,Yes,No,No
39,15,121,92354,1,3.5,1,368,Yes,No,Yes,No,No
31,5,101,94501,1,2.9,3,170,Yes,No,No,No,No
46,21,44,95112,1,0.3,1,110,Yes,No,Yes,No,No
38,13,63,92325,3,0.5,3,190,Yes,Yes,Yes,Yes,No
40,16,78,90720,4,2.4,1,0,Yes,Yes,Yes,No,No
43,18,113,90036,2,0.4,1,325,Yes,No,No,No,No
39,14,10,92705,2,0.3,2,0,Yes,No,No,Yes,No
23,-2,82,92152,2,1.8,2,0,Yes,No,No,Yes,No
60,34,65,95354,3,2.2,3,94,Yes,Yes,No,Yes,No
34,8,175,95051,4,1.1,3,0,Yes,Yes,Yes,Yes,Yes
54,28,64,90095,2,0.8,3,0,Yes,No,Yes,No,No
41,15,158,94304,1,4.7,2,0,Yes,Yes,No,Yes,Yes
40,16,44,93407,1,1.8,1,0,Yes,No,Yes,No,No
45,21,58,94025,3,0.3,3,0,Yes,No,Yes,No,No
36,11,101,90212,3,1.2,3,0,Yes,No,No,Yes,No
41,17,42,91910,4,2.2,2,185,Yes,No,Yes,No,No
25,-1,13,95616,4,0.4,1,0,Yes,No,No,No,No
62,36,103,92182,2,2.8,1,0,Yes,Yes,Yes,No,No
36,11,162,94583,1,8.6,1,153,Yes,No,Yes,No,No
42,17,73,90089,4,0.4,1,0,Yes,No,No,No,No
34,9,60,94306,4,1.3,1,0,Yes,No,No,No,No
33,8,58,92037,4,1.3,1,0,Yes,No,No,No,No
64,40,18,94309,2,0.3,3,0,Yes,Yes,Yes,Yes,No
64,39,49,94591,2,1.5,1,0,Yes,No,Yes,No,No
57,33,91,95133,1,4.3,1,81,Yes,No,No,No,No
65,39,105,91380,4,1.7,3,0,Yes,No,Yes,No,No
46,20,15,95370,4,0.6,3,0,Yes,No,Yes,No,No
31,5,84,94720,4,1.8,2,0,Yes,No,Yes,No,No
39,15,30,94305,4,0.3,1,0,Yes,No,No,Yes,No
35,11,30,94303,1,1.7,1,0,Yes,No,No,Yes,No
28,2,84,94305,1,2.9,3,102,Yes,Yes,No,Yes,No
55,29,21,92704,4,0.7,3,0,Yes,No,Yes,No,No
42,17,79,92103,1,3.7,3,0,Yes,No,No,Yes,No
29,4,120,94553,1,4.1,2,0,Yes,Yes,No,Yes,Yes
43,19,70,91711,3,2.33,1,0,Yes,No,No,No,No
37,11,43,92521,4,1.2,2,0,Yes,No,No,No,No
56,30,31,94117,2,0.3,1,109,Yes,Yes,Yes,Yes,No
63,39,49,93943,4,1.2,2,109,Yes,Yes,Yes,Yes,No
30,5,80,91311,4,2.2,2,0,Yes,No,Yes,No,No
52,27,39,92612,4,0.2,2,0,Yes,No,Yes,No,No
24,-2,50,94920,3,2.4,2,0,Yes,No,No,No,No
26,2,62,94080,4,1.6,1,0,Yes,No,No,No,No
37,11,71,94501,2,1.8,1,127,Yes,No,No,No,No
33,7,15,92152,1,0.4,2,82,Yes,Yes,Yes,Yes,No
42,18,143,95630,1,1.7,1,0,Yes,No,Yes,No,No
51,27,12,92834,3,0.4,1,0,Yes,Yes,Yes,Yes,No
41,15,91,90502,1,2.8,3,330,Yes,No,Yes,No,No
61,36,124,94611,2,3.9,1,0,Yes,No,No,Yes,No
54,27,51,94309,3,1,2,113,Yes,Yes,Yes,Yes,No
31,5,90,94301,2,1.3,1,0,Yes,No,Yes,No,No
45,19,40,95060,1,0.2,1,0,Yes,Yes,Yes,Yes,No
50,26,11,93106,4,0.2,1,0,Yes,No,No,No,No
64,39,73,94025,3,2.2,1,0,Yes,No,No,Yes,No
39,14,18,92037,4,0.2,3,0,Yes,No,No,No,No
59,35,180,96008,2,6.5,2,0,Yes,Yes,Yes,Yes,Yes
40,16,89,95814,3,3.9,2,216,Yes,Yes,Yes,No,Yes
51,25,21,90840,2,0.4,3,76,Yes,No,Yes,No,No
46,22,89,94303,1,2.7,1,0,Yes,Yes,Yes,Yes,No
32,7,111,90277,1,3.8,1,0,Yes,No,No,No,No
60,34,78,90401,3,4.4,1,0,Yes,No,No,No,No
39,14,161,95064,1,4.1,1,509,Yes,No,No,No,No
42,18,135,95136,2,3.3,1,0,Yes,Yes,Yes,Yes,No
26,1,54,91709,2,1.6,3,0,Yes,No,No,No,No
61,37,158,94720,2,6,1,306,Yes,Yes,Yes,Yes,No
60,34,38,92182,3,2.2,3,0,Yes,No,No,No,No
58,32,40,90057,1,1.6,1,0,Yes,Yes,Yes,Yes,No
56,31,28,94040,1,1.5,2,0,Yes,Yes,Yes,Yes,No
40,14,53,94025,3,0.5,3,0,Yes,Yes,Yes,Yes,No
59,33,38,94132,3,2.2,3,178,Yes,Yes,Yes,Yes,No
40,15,90,94063,4,1.1,2,0,Yes,No,Yes,No,No
36,9,40,92518,2,1.67,2,129,Yes,No,Yes,No,No
53,29,20,94131,1,0.2,1,0,Yes,Yes,Yes,Yes,No
41,16,109,94801,3,1,1,0,Yes,No,Yes,No,No
55,29,79,94608,2,1.1,1,0,Yes,No,Yes,No,No
28,2,188,92350,2,4.5,1,0,Yes,No,Yes,No,No
46,20,19,94105,3,0.5,2,97,Yes,No,Yes,No,No
26,0,44,94305,4,1.3,3,0,Yes,No,No,No,No
57,32,60,93407,3,1.7,1,0,Yes,Yes,Yes,Yes,No
30,5,85,91910,2,2.5,1,293,Yes,Yes,Yes,Yes,No
47,21,38,91101,3,0.6,2,0,Yes,No,No,No,No
43,19,129,95039,1,5,1,0,Yes,No,Yes,No,No
40,14,93,93933,1,2.8,3,328,Yes,Yes,Yes,Yes,No
27,3,81,90291,3,1.5,1,307,Yes,Yes,Yes,Yes,No
43,19,73,94301,3,2.33,1,0,Yes,Yes,Yes,Yes,No
43,19,35,94112,1,0.3,3,120,Yes,No,Yes,No,No
48,22,74,93950,1,1.4,3,0,Yes,No,No,No,No
51,27,55,93014,1,1.6,2,197,Yes,No,Yes,No,No
